PSTV,"Plus Therapeutics, Inc.",Lenk Robert P  ,Director,Buy,3000.0,2.49,2020-08-25 06:05:08,2020-08-26 22:40:36.740771
CWH,"Camping World Holdings, Inc.","Ml Rv Group, Llc  ",10% Owner,Buy,16775.0,29.82,2020-08-25 07:45:40,2020-08-26 22:40:36.743669
USM,United States Cellular Corp,Ellison Jay  ,EVP-COO,Sell,478.0,35.97,2020-08-25 08:55:01,2020-08-26 22:40:36.743747
USM,United States Cellular Corp,Ellison Jay  ,EVP-COO,Sell,28988.0,36.2,2020-08-24 08:55:01,2020-08-26 22:40:36.743805
TURN,180 Degree Capital Corp. /ny/,Rendino Kevin  ,Chairman and CEO,Buy,22300.0,1.92,2020-08-24 08:55:20,2020-08-26 22:40:36.743865
EYPT,"Eyepoint Pharmaceuticals, Inc.",Elston George  ,Chief Financial Officer,Buy,10000.0,0.61,2020-08-24 09:21:36,2020-08-26 22:40:36.743927
OBCI,Ocean Bio Chem Inc,Dudman William  ,Chief Operating Officer,Sell,3000.0,15.25,2020-08-24 09:47:27,2020-08-26 22:40:36.743988
VERU,Veru Inc.,Greco Michele  ,CAO and CFO,Buy,5000.0,2.65,2020-08-24 09:51:34,2020-08-26 22:40:36.744049
PG,Procter & Gamble Co,Sheppard Valarie L  ,"Controller, Treas. & Group VP",Sell,4688.0,138.28,2020-08-25 09:54:45,2020-08-26 22:40:36.744111
XYL,Xylem Inc.,Flinton David  ,Senior Vice President,Sell,1008.0,80.86,2020-08-24 09:56:40,2020-08-26 22:40:36.744173
JBHT,Hunt J B Transport Services Inc,Garrison Earl Wayne,,Sell,44681.0,141.01,2020-08-25 10:09:51,2020-08-26 22:40:36.744235
BSQR,Bsquare Corp /wa,Wheaton Christopher  ,Chief Financial Officer,Buy,6667.0,1.44,2020-08-26 10:16:31,2020-08-26 22:40:36.744324
GRX,Gabelli Healthcare & Wellnessrx Trust,Jonas Jeffrey J. Jr  ,Director,Buy,2000.0,10.76,2020-08-24 10:17:56,2020-08-26 22:40:36.744386
CME,Cme Group Inc.,Suskind Dennis  ,Director,Sell,2000.0,174.61,2020-08-25 10:37:37,2020-08-26 22:40:36.744489
DKL,"Delek Logistics Partners, Lp",Spiegel Reuven  ,EVP/CFO,Sell,5000.0,33.6,2020-08-24 10:39:44,2020-08-26 22:40:36.744549
DIOD,Diodes Inc /del/,Soong Raymond  ,Other,Sell,36749.0,50.45,2020-08-25 10:48:49,2020-08-26 22:40:36.744621
WLFC,Willis Lease Finance Corp,Hole Brian Richard  ,PRESIDENT,Sell,600.0,20.32,2020-08-25 10:49:13,2020-08-26 22:40:36.744691
AUB,Atlantic Union Bankshares Corp,Clarke Michael W,,Sell,2000.0,23.42,2020-08-24 10:56:47,2020-08-26 22:40:36.744760
AUB,Atlantic Union Bankshares Corp,Clarke Michael W,,Sell,2000.0,24.66,2020-08-25 10:56:47,2020-08-26 22:40:36.744814
AUB,Atlantic Union Bankshares Corp,Clarke Michael W,,Sell,2000.0,24.55,2020-08-26 10:56:47,2020-08-26 22:40:36.744866
RZLT,"Rezolute, Inc.","Handok, Inc.",,Buy,125000.0,0.5,2020-08-25 11:02:38,2020-08-26 22:40:36.744927
RZLT,"Rezolute, Inc.","Handok, Inc.",,Buy,125000.0,0.49,2020-08-24 11:02:38,2020-08-26 22:40:36.744981
BWFG,"Bankwell Financial Group, Inc.",Garnett James M Jr,,Buy,83.0,15.58,2020-08-24 11:10:08,2020-08-26 22:40:36.745044
BWFG,"Bankwell Financial Group, Inc.",Dale Eric J,,Buy,233.0,15.82,2020-08-24 11:10:24,2020-08-26 22:40:36.745096
BWFG,"Bankwell Financial Group, Inc.",Porto Carl M,,Buy,119.0,15.81,2020-08-24 11:10:40,2020-08-26 22:40:36.745152
BWFG,"Bankwell Financial Group, Inc.",Jones Daniel S,,Buy,229.0,15.81,2020-08-24 11:10:57,2020-08-26 22:40:36.745204
BWFG,"Bankwell Financial Group, Inc.",Drexler Blake S,,Buy,198.0,15.7,2020-08-24 11:11:13,2020-08-26 22:40:36.745257
TIPT,Tiptree Inc.,Barnes Michael Gene  ,Executive Chairman,Buy,5855.0,5.57,2020-08-24 11:13:13,2020-08-26 22:40:36.745318
TIPT,Tiptree Inc.,Barnes Michael Gene  ,Executive Chairman,Buy,5855.0,5.68,2020-08-25 11:13:13,2020-08-26 22:40:36.745372
CSBB,Csb Bancorp Inc /oh,Steiner Eddie L  ,President & CEO,Buy,645.0,31.9,2020-08-24 11:13:49,2020-08-26 22:40:36.745434
CSBB,Csb Bancorp Inc /oh,Steiner Eddie L  ,President & CEO,Buy,500.0,32.0,2020-08-26 11:13:49,2020-08-26 22:40:36.745486
ATO,Atmos Energy Corp,Yoho Frank H  ,Director,Buy,1500.0,99.48,2020-08-26 11:16:50,2020-08-26 22:40:36.745547
DE,Deere & Co,Howze Marc A  ,"Group Pres., Life Sol & CAO",Sell,7996.0,208.17,2020-08-25 11:48:28,2020-08-26 22:40:36.745608
DE,Deere & Co,Howze Marc A  ,"Group Pres., Life Sol & CAO",Options Excersise,7996.0,74.24,2020-08-25 11:48:28,2020-08-26 22:40:36.745659
IPHI,Inphi Corp,Mcwilliams Bruce M  ,Director,Sell,3500.0,116.52,2020-08-25 12:00:49,2020-08-26 22:40:36.745717
MSA,Msa Safety Inc,Krause Kenneth D.  ,"Senior VP, CFO and Treasurer",Sell,1685.0,126.0,2020-08-24 12:02:58,2020-08-26 22:40:36.745779
MSA,Msa Safety Inc,Krause Kenneth D.  ,"Senior VP, CFO and Treasurer",Options Excersise,478.0,44.5,2020-08-25 12:02:58,2020-08-26 22:40:36.745829
MSA,Msa Safety Inc,Krause Kenneth D.  ,"Senior VP, CFO and Treasurer",Options Excersise,1685.0,48.64,2020-08-24 12:02:58,2020-08-26 22:40:36.745879
MSA,Msa Safety Inc,Krause Kenneth D.  ,"Senior VP, CFO and Treasurer",Sell,478.0,126.5,2020-08-25 12:02:58,2020-08-26 22:40:36.745929
CKX,"Ckx Lands, Inc.",Stream William Gray  ,President & Treasurer,Buy,148.0,9.71,2020-08-24 12:13:27,2020-08-26 22:40:36.745986
CKX,"Ckx Lands, Inc.",Stream William Gray  ,President & Treasurer,Buy,1415.0,9.95,2020-08-25 12:13:27,2020-08-26 22:40:36.746041
ZMTP,"Zoom Telephonics, Inc.",Palmer Bradley C,,Buy,14163.0,1.9,2020-08-25 12:20:40,2020-08-26 22:40:36.746103
ZMTP,"Zoom Telephonics, Inc.",Palmer Bradley C,,Buy,837.0,1.95,2020-08-24 12:20:40,2020-08-26 22:40:36.746155
SGC,"Superior Group Of Companies, Inc.",Hensley Robin  ,Director,Options Excersise,3000.0,5.55,2020-08-24 12:33:15,2020-08-26 22:40:36.746215
SGC,"Superior Group Of Companies, Inc.",Hensley Robin  ,Director,Options Excersise,25000.0,6.31,2020-08-25 12:33:15,2020-08-26 22:40:36.746265
SGC,"Superior Group Of Companies, Inc.",Hensley Robin  ,Director,Sell,6800.0,23.49,2020-08-24 12:33:15,2020-08-26 22:40:36.746316
SGC,"Superior Group Of Companies, Inc.",Hensley Robin  ,Director,Sell,25000.0,22.78,2020-08-25 12:33:15,2020-08-26 22:40:36.746367
TPL,Texas Pacific Land Trust,Horizon Kinetics Asset Management Llc  ,10% Owner,Buy,44.0,545.14,2020-08-25 12:36:56,2020-08-26 22:40:36.746427
CNNE,"Cannae Holdings, Inc.",Massey Richard N  ,Chief Executive Officer,Buy,5000.0,36.95,2020-08-24 12:50:50,2020-08-26 22:40:36.746490
OPBK,Op Bancorp,Park Myung  ,Director,Sell,20990.0,6.22,2020-08-25 12:51:34,2020-08-26 22:40:36.746550
RCG,"Renn Fund, Inc.",Stahl Murray  ,President and CEO,Buy,675.0,1.29,2020-08-25 13:04:36,2020-08-26 22:40:36.746610
CIEN,Ciena Corp,Moylan James E Jr  ,"SVP Finance, CFO",Sell,2000.0,60.44,2020-08-24 13:05:40,2020-08-26 22:40:36.746672
CPSI,Computer Programs & Systems Inc,Chambless Matt J  ,"CFO, Secretary & Treasurer",Sell,13000.0,28.34,2020-08-25 13:11:02,2020-08-26 22:40:36.746734
BGFV,Big 5 Sporting Goods Corp,Fraley Jeffrey L  ,"Senior VP, Human Resources",Sell,4062.0,6.32,2020-08-24 13:16:35,2020-08-26 22:40:36.746796
EPR,Epr Properties,Shanks Virginia E  ,Director,Buy,1600.0,31.0,2020-08-25 13:16:48,2020-08-26 22:40:36.746857
CWST,Casella Waste Systems Inc,Oconnor James E,,Sell,7390.0,56.35,2020-08-24 13:21:20,2020-08-26 22:40:36.746916
TPVG,Triplepoint Venture Growth Bdc Corp.,Mathieu Christopher M.  ,Chief Financial Officer,Buy,5500.0,12.39,2020-08-24 13:31:10,2020-08-26 22:40:36.746971
XBIT,Xbiotech Inc.,Han Queena  ,VP Finance & HR,Sell,51841.0,19.65,2020-08-24 13:35:17,2020-08-26 22:40:36.747030
XBIT,Xbiotech Inc.,Han Queena  ,VP Finance & HR,Options Excersise,51841.0,7.21,2020-08-24 13:35:17,2020-08-26 22:40:36.747081
SNPS,Synopsys Inc,Runkel John F Jr  ,GC & Corporate Secretary,Sell,9629.0,212.03,2020-08-24 13:41:05,2020-08-26 22:40:36.747162
SNPS,Synopsys Inc,Runkel John F Jr  ,GC & Corporate Secretary,Options Excersise,9629.0,90.51,2020-08-24 13:41:05,2020-08-26 22:40:36.747211
CCNE,Cnb Financial Corp/pa,Scott Nicholas N. Jr.  ,Director,Buy,2000.0,25.0,2020-08-26 13:43:12,2020-08-26 22:40:36.747268
SGC,"Superior Group Of Companies, Inc.",Demott Andrew D Jr  ,Chief Operating Officer,Options Excersise,15000.0,16.35,2020-08-25 13:49:00,2020-08-26 22:40:36.747329
CCNE,Cnb Financial Corp/pa,Seager Richard B.  ,Director,Buy,3000.0,25.0,2020-08-26 13:53:19,2020-08-26 22:40:36.747389
CCNE,Cnb Financial Corp/pa,Straub Francis X Iii  ,Director,Buy,8000.0,25.0,2020-08-26 14:09:43,2020-08-26 22:40:36.747441
CCNE,Cnb Financial Corp/pa,Varischetti Peter C  ,Director,Buy,3000.0,25.0,2020-08-26 14:17:02,2020-08-26 22:40:36.747492
KMT,Kennametal Inc,Martin Lorraine M  ,Director,Options Excersise,566.0,29.15,2020-08-25 14:20:55,2020-08-26 22:40:36.747550
CCNE,Cnb Financial Corp/pa,Griffith Martin T.  ,EVP/Community Banking,Buy,3637.0,25.0,2020-08-26 14:21:46,2020-08-26 22:40:36.747611
CCNE,Cnb Financial Corp/pa,Young Julie M.  ,Director,Buy,600.0,25.0,2020-08-26 14:28:54,2020-08-26 22:40:36.747661
KFS,Kingsway Financial Services Inc,"Stilwell Value Partners Vii, L.p.",,Buy,20779.0,2.75,2020-08-25 14:34:08,2020-08-26 22:40:36.747720
KFS,Kingsway Financial Services Inc,"Stilwell Value Partners Vii, L.p.",,Buy,13000.0,2.72,2020-08-24 14:34:08,2020-08-26 22:40:36.747774
CCNE,Cnb Financial Corp/pa,Kassab Leanne D  ,EVP/Customer Experience,Buy,1000.0,25.0,2020-08-26 14:35:24,2020-08-26 22:40:36.747835
MCBC,Macatawa Bank Corp,Doyle Timothy J.  ,Chief Commercial Banking Ofcr.,Buy,3100.0,7.53,2020-08-26 14:41:05,2020-08-26 22:40:36.747894
CCNE,Cnb Financial Corp/pa,Peterson Joel E.  ,Director,Buy,1000.0,25.0,2020-08-26 14:42:08,2020-08-26 22:40:36.747954
KMT,Kennametal Inc,Wunning Steven H  ,Director,Options Excersise,646.0,29.15,2020-08-25 14:48:11,2020-08-26 22:40:36.748015
IEX,Idex Corp /de/,Bucklew Jeffrey D  ,SVP-Chief HR Officer,Options Excersise,804.0,84.0,2020-08-24 14:51:14,2020-08-26 22:40:36.748073
IEX,Idex Corp /de/,Bucklew Jeffrey D  ,SVP-Chief HR Officer,Options Excersise,1936.0,93.27,2020-08-25 14:51:14,2020-08-26 22:40:36.748122
IEX,Idex Corp /de/,Bucklew Jeffrey D  ,SVP-Chief HR Officer,Sell,804.0,180.07,2020-08-24 14:51:14,2020-08-26 22:40:36.748169
IEX,Idex Corp /de/,Bucklew Jeffrey D  ,SVP-Chief HR Officer,Sell,1936.0,180.9,2020-08-25 14:51:14,2020-08-26 22:40:36.748217
CCNE,Cnb Financial Corp/pa,Dixon Gregory M  ,EVP/CRO,Buy,1000.0,25.0,2020-08-26 15:05:22,2020-08-26 22:40:36.748275
CWGL,"Crimson Wine Group, Ltd",Steinberg Joseph S,,Buy,3740.0,5.8,2020-08-24 15:10:46,2020-08-26 22:40:36.748336
CCNE,Cnb Financial Corp/pa,Greslick Richard Lee Jr.  ,"Secretary, Senior EVP",Buy,2000.0,25.0,2020-08-26 15:13:12,2020-08-26 22:40:36.748398
IRTC,"Irhythm Technologies, Inc.",Vort David A  ,"EVP, Sales",Options Excersise,5264.0,8.18,2020-08-24 15:16:51,2020-08-26 22:40:36.748456
IRTC,"Irhythm Technologies, Inc.",Vort David A  ,"EVP, Sales",Sell,5264.0,215.73,2020-08-24 15:16:51,2020-08-26 22:40:36.748504
CWGL,"Crimson Wine Group, Ltd",Cumming John D.,,Buy,3740.0,5.8,2020-08-24 15:19:59,2020-08-26 22:40:36.748563
CCNE,Cnb Financial Corp/pa,Bower Joseph B Jr  ,President and CEO,Buy,4360.0,25.0,2020-08-26 15:26:48,2020-08-26 22:40:36.748620
AGCO,Agco Corp /de,Long Lara Thrush  ,"VP, Chief Accounting Officer",Options Excersise,875.0,55.02,2020-08-24 15:28:30,2020-08-26 22:40:36.748678
ALG,Alamo Group Inc,Wehrle Richard J  ,VP & Corporate Controller,Options Excersise,10000.0,34.58,2020-08-25 15:31:20,2020-08-26 22:40:36.748736
CCNE,Cnb Financial Corp/pa,Smith Peter F  ,Director,Buy,12000.0,25.0,2020-08-26 15:34:04,2020-08-26 22:40:36.748796
CCNE,Cnb Financial Corp/pa,Shilling Steven R Shaffner  ,EVP/Wealth & Assset Management,Buy,400.0,25.0,2020-08-26 15:40:35,2020-08-26 22:40:36.748848
MRBK,Meridian Corp,Holland Robert T.  ,Director,Buy,900.0,15.21,2020-08-25 15:43:10,2020-08-26 22:40:36.748906
VAL,Valaris Plc,Weitzman Adam  ,Director,Sell,3750000.0,0.1,2020-08-25 15:44:33,2020-08-26 22:40:36.748962
VAL,Valaris Plc,Weitzman Adam  ,Director,Sell,4082076.0,0.2,2020-08-24 15:44:33,2020-08-26 22:40:36.749011
VAL,Valaris Plc,Barrett Jonathan Dan  ,10% Owner,Sell,3750000.0,0.1,2020-08-25 15:47:23,2020-08-26 22:40:36.749062
VAL,Valaris Plc,Barrett Jonathan Dan  ,10% Owner,Sell,4082076.0,0.2,2020-08-24 15:47:23,2020-08-26 22:40:36.749111
BLNK,Blink Charging Co.,Levine Jack,,Buy,10000.0,8.0,2020-08-25 15:49:16,2020-08-26 22:40:36.749170
OLLI,"Ollie's Bargain Outlet Holdings, Inc.",Mclain Kevin  ,"SVP, Merchandising",Sell,4076.0,110.69,2020-08-24 16:00:20,2020-08-26 22:40:36.749227
OLLI,"Ollie's Bargain Outlet Holdings, Inc.",Mclain Kevin  ,"SVP, Merchandising",Options Excersise,4076.0,20.26,2020-08-24 16:00:20,2020-08-26 22:40:36.749280
MMC,"Marsh & Mclennan Companies, Inc.",Ferland Martine  ,"President and CEO, Mercer",Sell,2940.0,112.9,2020-08-25 16:00:22,2020-08-26 22:40:36.749339
HPTO,Hopto Inc.,Skeels Jonathon R  ,Chief Executive Officer,Buy,80642.0,0.4,2020-08-24 16:00:46,2020-08-26 22:40:36.749398
FIVN,"Five9, Inc.",Welsh David S.,,Sell,5000.0,123.57,2020-08-25 16:01:20,2020-08-26 22:40:37.124247
CLIR,Clearsign Technologies Corp,Pate Bruce Alan,,Buy,35000.0,2.0,2020-08-24 16:01:21,2020-08-26 22:40:37.124349
CLIR,Clearsign Technologies Corp,Meline Susanne,,Buy,5000.0,2.0,2020-08-24 16:01:40,2020-08-26 22:40:37.124404
FIVN,"Five9, Inc.",Alexy Kimberly,,Sell,4517.0,125.22,2020-08-26 16:03:59,2020-08-26 22:40:37.124462
SPOK,"Spok Holdings, Inc",Oreilly Brian  ,Director,Buy,2000.0,10.95,2020-08-25 16:04:26,2020-08-26 22:40:37.124522
FREE,"Whole Earth Brands, Inc.",Rusie Andrew  ,Chief Financial Officer,Buy,1270.0,7.84,2020-08-26 16:05:20,2020-08-26 22:40:37.124582
SPOK,"Spok Holdings, Inc",Kelly Vincent D  ,President & CEO,Buy,5000.0,10.9,2020-08-24 16:05:31,2020-08-26 22:40:37.124642
SPOK,"Spok Holdings, Inc",Kelly Vincent D  ,President & CEO,Buy,1755.0,10.99,2020-08-25 16:05:31,2020-08-26 22:40:37.124695
AE,"Adams Resources & Energy, Inc.",Niemann John O. Jr.,,Buy,8.0,22.03,2020-08-25 16:07:53,2020-08-26 22:40:37.124753
FTNT,"Fortinet, Inc.",Jensen Keith  ,CFO & Chief Accounting Officer,Options Excersise,6696.0,56.93,2020-08-25 16:08:55,2020-08-26 22:40:37.124811
FTNT,"Fortinet, Inc.",Jensen Keith  ,CFO & Chief Accounting Officer,Sell,6696.0,132.38,2020-08-25 16:08:55,2020-08-26 22:40:37.124865
OC,Owens Corning,Schmidt Kelly  ,Vice President and Controller,Sell,4967.0,69.0,2020-08-25 16:09:20,2020-08-26 22:40:37.124948
FTNT,"Fortinet, Inc.",Xie Michael  ,"VP, Engineering & CTO",Sell,30000.0,132.11,2020-08-24 16:09:49,2020-08-26 22:40:37.125007
FTNT,"Fortinet, Inc.",Xie Michael  ,"VP, Engineering & CTO",Sell,30000.0,132.18,2020-08-25 16:09:49,2020-08-26 22:40:37.125058
ACIW,"Aci Worldwide, Inc.",Byrnes Dennis  ,"EVP, General Counsel & Sec.",Options Excersise,13152.0,8.88,2020-08-24 16:12:04,2020-08-26 22:40:37.125115
ACIW,"Aci Worldwide, Inc.",Byrnes Dennis  ,"EVP, General Counsel & Sec.",Options Excersise,35133.0,8.88,2020-08-25 16:12:04,2020-08-26 22:40:37.125165
ACIW,"Aci Worldwide, Inc.",Byrnes Dennis  ,"EVP, General Counsel & Sec.",Sell,13152.0,30.01,2020-08-24 16:12:04,2020-08-26 22:40:37.125214
ACIW,"Aci Worldwide, Inc.",Byrnes Dennis  ,"EVP, General Counsel & Sec.",Sell,35133.0,30.05,2020-08-25 16:12:04,2020-08-26 22:40:37.125261
SPT,"Sprout Social, Inc.",Del Preto Joseph  ,CFO and Treasurer,Sell,4000.0,34.79,2020-08-24 16:12:33,2020-08-26 22:40:37.125318
EPD,Enterprise Products Partners L.p.,Bacon Graham W.  ,Executive Vice President & COO,Buy,10000.0,17.5,2020-08-26 16:13:22,2020-08-26 22:40:37.125378
CALX,"Calix, Inc",Listwin Donald J,,Buy,22955.0,19.98,2020-08-24 16:15:00,2020-08-26 22:40:37.125438
CALX,"Calix, Inc",Listwin Donald J,,Buy,5109.0,19.82,2020-08-25 16:15:00,2020-08-26 22:40:37.125488
AX,"Axos Financial, Inc.",Micheletti Andrew J  ,"EVP, Chief Financial Officer",Options Excersise,15000.0,25.16,2020-08-24 16:16:08,2020-08-26 22:40:37.125545
GCI,"Gannett Co., Inc.",Tarica Laurence,,Buy,441.0,1.62,2020-08-25 16:16:18,2020-08-26 22:40:37.125603
PGNY,"Progyny, Inc.",Coulter James G,,Sell,13994.0,28.96,2020-08-24 16:17:38,2020-08-26 22:40:37.125661
IT,Gartner Inc,Smith James C  ,Director,Sell,13625.0,133.24,2020-08-25 16:19:04,2020-08-26 22:40:37.125717
DAR,Darling Ingredients Inc.,Snell Brenda  ,Chief Accounting Officer,Sell,10000.0,33.0,2020-08-26 16:20:14,2020-08-26 22:40:37.125778
IT,Gartner Inc,Harris Michael P  ,"EVP, Research & Advisory",Sell,1426.0,131.53,2020-08-25 16:21:18,2020-08-26 22:40:37.125837
QMCO,Quantum Corp /de/,Dodson J Michael  ,"Senior Vice President, CFO",Sell,12266.0,5.38,2020-08-24 16:22:28,2020-08-26 22:40:37.125895
QMCO,Quantum Corp /de/,King Elizabeth  ,Chief Revenue Officer,Sell,34564.0,5.38,2020-08-24 16:22:51,2020-08-26 22:40:37.125944
QMCO,Quantum Corp /de/,Moorehead Lewis W.  ,Chief Accounting Officer,Sell,4465.0,5.38,2020-08-24 16:23:21,2020-08-26 22:40:37.125995
QMCO,Quantum Corp /de/,Martella Donald E. Jr.  ,"SVP, Engineering",Sell,1931.0,5.38,2020-08-24 16:23:40,2020-08-26 22:40:37.126044
ADBE,Adobe Inc.,Lamkin Bryan  ,"EVP, GM, Digital Media",Sell,13095.0,476.63,2020-08-24 16:23:52,2020-08-26 22:40:37.126099
CBGL,"Cannabis Global, Inc.","Ghs Investments, Llc",,Sell,22900.0,0.14,2020-08-25 16:24:06,2020-08-26 22:40:37.126157
CBGL,"Cannabis Global, Inc.","Ghs Investments, Llc",,Sell,18511.0,0.16,2020-08-24 16:24:06,2020-08-26 22:40:37.126205
TTI,Tetra Technologies Inc,Murphy Brady M  ,President & CEO,Options Excersise,53810.0,0.0,2020-08-25 16:24:30,2020-08-26 22:40:37.126262
TTI,Tetra Technologies Inc,Mucha Jacek M  ,"VP Finance, Treasurer",Options Excersise,2152.0,0.0,2020-08-25 16:24:38,2020-08-26 22:40:37.126311
SNEX,Stonex Group Inc.,Branch Scott J,,Sell,19962.0,60.4,2020-08-25 16:24:52,2020-08-26 22:40:37.126368
TTI,Tetra Technologies Inc,Serrano Elijio V  ,Sr. Vice President & CFO,Options Excersise,34079.0,0.0,2020-08-25 16:25:07,2020-08-26 22:40:37.126423
TTI,Tetra Technologies Inc,Moeller Timothy C  ,VP & Chief Procurement Officer,Options Excersise,4484.0,0.0,2020-08-25 16:25:16,2020-08-26 22:40:37.126472
TTI,Tetra Technologies Inc,Sanderson Matthew  ,Senior Vice President,Options Excersise,17936.0,0.0,2020-08-25 16:25:27,2020-08-26 22:40:37.126520
TARA,"Protara Therapeutics, Inc.",Marshall Randall,,Sell,2461.0,22.73,2020-08-25 16:27:27,2020-08-26 22:40:37.126582
TARA,"Protara Therapeutics, Inc.",Marshall Randall,,Sell,974.0,23.16,2020-08-24 16:27:27,2020-08-26 22:40:37.126630
AZPN,Aspen Technology Inc /de/,Johnsen Karl E  ,Senior Vice President and CFO,Sell,2006.0,124.98,2020-08-24 16:28:31,2020-08-26 22:40:37.126685
CWCO,Consolidated Water Co. Ltd.,Pergande Wilmer F.,,Sell,2657.0,12.14,2020-08-24 16:30:12,2020-08-26 22:40:37.126743
COUP,Coupa Software Inc,Riggs Mark  ,Chief Customer Officer,Sell,931.0,305.85,2020-08-24 16:30:14,2020-08-26 22:40:37.126798
COUP,Coupa Software Inc,Riggs Mark  ,Chief Customer Officer,Options Excersise,931.0,41.95,2020-08-24 16:30:14,2020-08-26 22:40:37.126847
GHMP,"Good Hemp, Inc.",Alessi William Rosario Jr  ,Chief Executive Officer,Sell,2286.0,1.31,2020-08-01 16:30:18,2020-08-26 22:40:37.126904
ZI,Zoominfo Technologies Inc.,22c Capital Gp I Mm Llc,,Sell,1446366.0,35.8,2020-08-24 16:30:24,2020-08-26 22:40:37.126963
ZI,Zoominfo Technologies Inc.,Carlyle Holdings Ii L.l.c.  ,10% Owner,Sell,7061428.0,35.8,2020-08-24 16:30:25,2020-08-26 22:40:37.127011
BLD,Topbuild Corp,Peterson John S.  ,Vice  President and CFO,Sell,3200.0,156.9,2020-08-24 16:30:27,2020-08-26 22:40:37.127068
GMED,Globus Medical Inc,Tobin James R  ,Director,Sell,17400.0,54.4,2020-08-25 16:30:47,2020-08-26 22:40:37.127126
GMED,Globus Medical Inc,Tobin James R  ,Director,Options Excersise,17400.0,26.27,2020-08-25 16:30:47,2020-08-26 22:40:37.127174
ZI,Zoominfo Technologies Inc.,"Carlyle Partners Vi Dash Holdings, L.p.  ",10% Owner,Sell,7061428.0,35.8,2020-08-24 16:30:59,2020-08-26 22:40:37.127230
LTRX,Lantronix Inc,Bruscha Bernhard,,Options Excersise,25000.0,1.51,2020-08-25 16:31:07,2020-08-26 22:40:37.127287
ZI,Zoominfo Technologies Inc.,Fivew Discoverorg Llc,,Sell,1920329.0,35.8,2020-08-24 16:31:19,2020-08-26 22:40:37.127341
ICE,"Intercontinental Exchange, Inc.",Hill Scott A  ,Chief Financial Officer,Options Excersise,39800.0,41.37,2020-08-24 16:31:23,2020-08-26 22:40:37.127399
ICE,"Intercontinental Exchange, Inc.",Hill Scott A  ,Chief Financial Officer,Sell,39800.0,105.36,2020-08-24 16:31:23,2020-08-26 22:40:37.127449
NKE,"Nike, Inc.",Matheson Monique S.  ,EVP: HR,Sell,8500.0,111.0,2020-08-24 16:31:36,2020-08-26 22:40:37.127509
NKE,"Nike, Inc.",Matheson Monique S.  ,EVP: HR,Options Excersise,8500.0,31.68,2020-08-24 16:31:36,2020-08-26 22:40:37.127558
NKE,"Nike, Inc.",O'neill Heidi  ,PRES: CONSUMER AND MKTPLC,Options Excersise,22000.0,38.76,2020-08-24 16:32:44,2020-08-26 22:40:37.127605
NKE,"Nike, Inc.",O'neill Heidi  ,PRES: CONSUMER AND MKTPLC,Sell,22000.0,110.0,2020-08-24 16:32:44,2020-08-26 22:40:37.127652
STE,Steris Plc,Breeden Richard C  ,Director,Sell,25000.0,153.37,2020-08-24 16:33:43,2020-08-26 22:40:37.127706
STE,Steris Plc,Breeden Richard C  ,Director,Sell,20000.0,154.65,2020-08-25 16:33:43,2020-08-26 22:40:37.127753
PRLB,Proto Labs Inc,Goodman John B  ,Director,Sell,1000.0,132.75,2020-08-24 16:33:56,2020-08-26 22:40:37.127808
CSII,Cardiovascular Systems Inc,Rosenstein Alexander  ,General Counsel & Corp. Sec.,Sell,4692.0,31.94,2020-08-24 16:34:19,2020-08-26 22:40:37.127864
CSII,Cardiovascular Systems Inc,Sedo Sandra  ,Chief Compliance Officer,Sell,2914.0,31.94,2020-08-24 16:34:40,2020-08-26 22:40:37.127911
MEDP,"Medpace Holdings, Inc.","Medpace Investors, Llc",,Sell,11597.0,123.23,2020-08-25 16:36:02,2020-08-26 22:40:37.127966
MEDP,"Medpace Holdings, Inc.","Medpace Investors, Llc",,Sell,18903.0,123.36,2020-08-24 16:36:02,2020-08-26 22:40:37.128016
IBKR,"Interactive Brokers Group, Inc.",Nemser Earl H  ,Vice Chairman,Sell,45834.0,51.93,2020-08-24 16:37:01,2020-08-26 22:40:37.128071
IBKR,"Interactive Brokers Group, Inc.",Nemser Earl H  ,Vice Chairman,Sell,40147.0,51.95,2020-08-25 16:37:01,2020-08-26 22:40:37.128121
MEDP,"Medpace Holdings, Inc.",Troendle August J.  ,President & CEO,Sell,11597.0,123.23,2020-08-25 16:37:47,2020-08-26 22:40:37.128179
MEDP,"Medpace Holdings, Inc.",Troendle August J.  ,President & CEO,Sell,18903.0,123.36,2020-08-24 16:37:47,2020-08-26 22:40:37.128227
NOVC,"Novation Companies, Inc.",Pointer David William  ,Chief Executive Officer,Sell,1000000.0,0.02,2020-08-24 16:38:06,2020-08-26 22:40:37.128281
VRCA,Verrica Pharmaceuticals Inc.,Ballaron Craig  ,Director,Buy,5228.0,9.16,2020-08-24 16:40:00,2020-08-26 22:40:37.128339
VRCA,Verrica Pharmaceuticals Inc.,Ballaron Craig  ,Director,Buy,4772.0,8.57,2020-08-25 16:40:00,2020-08-26 22:40:37.128389
TFX,Teleflex Inc,Klasko Stephen K. M.d.,,Options Excersise,200.0,58.25,2020-08-25 16:41:15,2020-08-26 22:40:37.128509
TFX,Teleflex Inc,Klasko Stephen K. M.d.,,Sell,200.0,373.74,2020-08-25 16:41:15,2020-08-26 22:40:37.128669
LGIH,"Lgi Homes, Inc.",Snider Michael Larry  ,President and COO,Sell,8525.0,117.82,2020-08-25 16:42:48,2020-08-26 22:40:37.128732
ESSA,"Essa Bancorp, Inc.",Gray Peter A  ,EVP and Chief Banking Officer,Buy,1000.0,13.0,2020-08-24 16:44:45,2020-08-26 22:40:37.128794
CARG,"Cargurus, Inc.",Steinert Langley  ,CEO and Chairman,Sell,4.0,27.32,2020-08-24 16:44:52,2020-08-26 22:40:37.128854
CRWD,"Crowdstrike Holdings, Inc.",Watzinger Gerhard,,Sell,30000.0,112.72,2020-08-24 16:45:06,2020-08-26 22:40:37.128910
ANGI,Angi Homeservices Inc.,Ridenour William B.  ,CEO,Sell,498446.0,14.39,2020-08-25 16:45:32,2020-08-26 22:40:37.128966
ANGI,Angi Homeservices Inc.,Ridenour William B.  ,CEO,Sell,734901.0,14.08,2020-08-24 16:45:32,2020-08-26 22:40:37.129021
ANGI,Angi Homeservices Inc.,Ridenour William B.  ,CEO,Options Excersise,954773.0,0.98,2020-08-25 16:45:32,2020-08-26 22:40:37.129070
ANGI,Angi Homeservices Inc.,Ridenour William B.  ,CEO,Options Excersise,1410458.0,0.98,2020-08-24 16:45:32,2020-08-26 22:40:37.129119
ANGI,Angi Homeservices Inc.,Smith Craig M.  ,President & COO,Sell,650000.0,14.21,2020-08-24 16:45:44,2020-08-26 22:40:37.129166
ANGI,Angi Homeservices Inc.,Smith Craig M.  ,President & COO,Options Excersise,365354.0,4.53,2020-08-25 16:45:44,2020-08-26 22:40:37.129215
ANGI,Angi Homeservices Inc.,Smith Craig M.  ,President & COO,Sell,140000.0,14.34,2020-08-25 16:45:44,2020-08-26 22:40:37.129314
ANGI,Angi Homeservices Inc.,Smith Craig M.  ,President & COO,Options Excersise,1707259.0,4.53,2020-08-24 16:45:44,2020-08-26 22:40:37.129363
SRE,Sempra Energy,Walker Cynthia Lynn,,Buy,2000.0,125.46,2020-08-25 16:46:25,2020-08-26 22:40:37.129421
DPZ,Dominos Pizza Inc,Cantor Diana F  ,Director,Sell,504.0,420.49,2020-08-24 16:47:23,2020-08-26 22:40:37.129481
DPZ,Dominos Pizza Inc,Federico Richard L  ,Director,Sell,1500.0,421.0,2020-08-24 16:48:46,2020-08-26 22:40:37.129530
ENZN,"Enzon Pharmaceuticals, Inc.",Pearce Michael Cooper,,Sell,52100.0,0.18,2020-08-24 16:49:30,2020-08-26 22:40:37.129585
ENZN,"Enzon Pharmaceuticals, Inc.",Pearce Michael Cooper,,Sell,25000.0,0.19,2020-08-25 16:49:30,2020-08-26 22:40:37.129632
APEI,American Public Education Inc,Landon Timothy J,,Sell,350.0,32.77,2020-08-24 16:50:20,2020-08-26 22:40:37.129686
YEXT,"Yext, Inc.",Distelburger Brian  ,President,Sell,10000.0,17.56,2020-08-25 16:50:24,2020-08-26 22:40:37.129741
DPZ,Dominos Pizza Inc,Ballard Andy  ,Director,Sell,700.0,418.68,2020-08-25 16:50:32,2020-08-26 22:40:37.129796
YEXT,"Yext, Inc.",Dixon Tom Christopher  ,Chief Technology Officer,Sell,2500.0,17.55,2020-08-25 16:50:45,2020-08-26 22:40:37.129852
ADUS,Addus Homecare Corp,Poff Brian  ,EVP/Chief Financial Officer,Sell,21547.0,92.62,2020-08-25 16:52:58,2020-08-26 22:40:37.129906
ADUS,Addus Homecare Corp,Poff Brian  ,EVP/Chief Financial Officer,Sell,4693.0,93.8,2020-08-24 16:52:58,2020-08-26 22:40:37.479031
ADUS,Addus Homecare Corp,Poff Brian  ,EVP/Chief Financial Officer,Options Excersise,21547.0,29.88,2020-08-25 16:52:58,2020-08-26 22:40:37.479160
ADUS,Addus Homecare Corp,Poff Brian  ,EVP/Chief Financial Officer,Options Excersise,4693.0,18.33,2020-08-24 16:52:58,2020-08-26 22:40:37.479216
VSLR,"Vivint Solar, Inc.",Pedersen Todd R.  ,Director,Sell,141428.0,27.92,2020-08-25 16:56:17,2020-08-26 22:40:37.479282
VSLR,"Vivint Solar, Inc.",Pedersen Todd R.  ,Director,Sell,197554.0,27.61,2020-08-24 16:56:17,2020-08-26 22:40:37.479335
FRD,Friedman Industries Inc,Taylor Mike J  ,President / CEO / Director,Buy,5000.0,5.32,2020-08-24 16:57:03,2020-08-26 22:40:37.479397
FRD,Friedman Industries Inc,Taylor Mike J  ,President / CEO / Director,Buy,5000.0,5.41,2020-08-25 16:57:03,2020-08-26 22:40:37.479449
FRD,Friedman Industries Inc,Taylor Mike J  ,President / CEO / Director,Buy,5000.0,5.49,2020-08-26 16:57:03,2020-08-26 22:40:37.479499
CENX,Century Aluminum Co,Hoerner John E.  ,EVP - N. American Operations,Sell,10000.0,9.09,2020-08-24 16:57:28,2020-08-26 22:40:37.479556
GH,"Guardant Health, Inc.",Bertocci Derek A  ,Chief Financial Officer,Options Excersise,9992.0,6.21,2020-08-24 16:57:39,2020-08-26 22:40:37.479616
GH,"Guardant Health, Inc.",Bertocci Derek A  ,Chief Financial Officer,Sell,9992.0,94.61,2020-08-24 16:57:39,2020-08-26 22:40:37.479665
NDAQ,"Nasdaq, Inc.",Peterson Bradley J  ,Executive Vice President,Sell,1540.0,130.29,2020-08-24 17:00:00,2020-08-26 22:40:37.479748
CASH,Meta Financial Group Inc,Goik Michael K  ,EVP Commercial Finance,Sell,3000.0,19.21,2020-08-25 17:00:10,2020-08-26 22:40:37.479807
XAIR,"Beyond Air, Inc.",Carey Robert,,Buy,10000.0,5.7,2020-08-24 17:00:25,2020-08-26 22:40:37.479867
GLIBA,"Gci Liberty, Inc.",Duncan Ronald A  ,Director,Sell,21096.0,81.24,2020-08-25 17:01:20,2020-08-26 22:40:37.479924
GLIBA,"Gci Liberty, Inc.",Duncan Ronald A  ,Director,Sell,57635.0,81.1,2020-08-24 17:01:20,2020-08-26 22:40:37.479979
WH,"Wyndham Hotels & Resorts, Inc.",Rossi Nicola  ,Chief Accounting Officer,Sell,2350.0,52.0,2020-08-24 17:03:18,2020-08-26 22:40:37.480062
USX,Us Xpress Enterprises Inc,Anna Marie Quinn 2012 Irrevocable Trust Fbo Lisa M. Pate,,Sell,4989.0,11.02,2020-08-24 17:03:25,2020-08-26 22:40:37.480125
CMBM,Cambium Networks Corp,De Graaf Raymond  ,"Senior VP, Operations",Sell,400.0,15.5,2020-08-21 17:05:22,2020-08-26 22:40:37.480182
PGTI,"Pgt Innovations, Inc.",Hershberger Rodney  ,Director,Sell,40000.0,18.97,2020-08-25 17:05:45,2020-08-26 22:40:37.480288
GHC,Graham Holdings Co,Weymouth Katharine,,Sell,1100.0,414.73,2020-08-25 17:05:53,2020-08-26 22:40:37.480348
ZI,Zoominfo Technologies Inc.,Mironov Jason  ,Director,Sell,8197378.0,35.8,2020-08-24 17:06:15,2020-08-26 22:40:37.480404
CATY,Cathay General Bancorp,Sun Richard  ,Director,Buy,9300.0,25.0,2020-08-24 17:06:32,2020-08-26 22:40:37.480465
ZI,Zoominfo Technologies Inc.,Crockett Todd  ,Director,Sell,8197378.0,35.8,2020-08-24 17:06:46,2020-08-26 22:40:37.480522
AME,Ametek Inc/,Jones Timothy N  ,PRESIDENT - ELECTROMECHANICAL,Options Excersise,2073.0,46.96,2020-08-25 17:07:37,2020-08-26 22:40:37.480580
AME,Ametek Inc/,Jones Timothy N  ,PRESIDENT - ELECTROMECHANICAL,Sell,3573.0,101.52,2020-08-25 17:07:37,2020-08-26 22:40:37.480632
ZI,Zoominfo Technologies Inc.,Ta Atlantic & Pacific Vii-b L.p.  ,Director,Sell,8197378.0,35.8,2020-08-24 17:08:10,2020-08-26 22:40:37.480687
KMPH,"Kempharm, Inc",Clifton R. Laduane  ,"CFO, Secretary & Treasurer",Buy,1000.0,0.84,2020-08-26 17:08:47,2020-08-26 22:40:37.480749
ZI,Zoominfo Technologies Inc.,"Ta Xi Do Feeder, L.p.  ",Director,Sell,8197378.0,35.8,2020-08-24 17:08:51,2020-08-26 22:40:37.480806
PACB,"Pacific Biosciences Of California, Inc.",Hunkapiller Michael  ,CEO & President,Sell,259164.0,6.63,2020-08-24 17:08:59,2020-08-26 22:40:37.480865
PACB,"Pacific Biosciences Of California, Inc.",Hunkapiller Michael  ,CEO & President,Sell,228632.0,6.44,2020-08-25 17:08:59,2020-08-26 22:40:37.480914
QTRX,Quanterix Corp,Hrusovsky E Kevin  ,"Chairman, President & CEO",Sell,3500.0,35.28,2020-08-25 17:09:19,2020-08-26 22:40:37.480970
CDEV,"Centennial Resource Development, Inc.",Glyphis George S.  ,"VP, Chief Financial Officer",Buy,25000.0,0.75,2020-08-24 17:12:04,2020-08-26 22:40:37.481031
RNG,"Ringcentral, Inc.","Elca, Llc  ",Other,Options Excersise,10000.0,17.13,2020-08-24 17:13:24,2020-08-26 22:40:37.481089
RNG,"Ringcentral, Inc.","Elca, Llc  ",Other,Sell,10000.0,285.54,2020-08-24 17:13:24,2020-08-26 22:40:37.481139
FSLY,"Fastly, Inc.",Luongo Paul  ,General Counsel,Sell,16252.0,86.42,2020-08-24 17:13:54,2020-08-26 22:40:37.481198
KW,"Kennedy-wilson Holdings, Inc.",Mcmorrow William J  ,CHIEF EXECUTIVE OFFICER,Buy,75000.0,14.07,2020-08-26 17:14:03,2020-08-26 22:40:37.481257
FSLY,"Fastly, Inc.",Bergman Artur  ,"Chief Architect, Exec. Chair",Sell,92308.0,86.02,2020-08-24 17:14:14,2020-08-26 22:40:37.481316
KRTX,"Karuna Therapeutics, Inc.",Puretech Health Llc  ,10% Owner,Sell,1333333.0,76.21,2020-08-26 17:15:19,2020-08-26 22:40:37.481375
HAS,"Hasbro, Inc.",Zecher Linda Kay  ,Director,Sell,818.0,79.61,2020-08-24 17:16:16,2020-08-26 22:40:37.481436
NVT,Nvent Electric Plc,Hogan Randall J,,Options Excersise,167970.0,12.49,2020-08-25 17:17:15,2020-08-26 22:40:37.481497
FOXF,Fox Factory Holding Corp,Enterline Larry L  ,Director,Options Excersise,36485.0,5.16,2020-08-24 17:18:26,2020-08-26 22:40:37.481554
FOXF,Fox Factory Holding Corp,Enterline Larry L  ,Director,Sell,36485.0,107.24,2020-08-24 17:18:26,2020-08-26 22:40:37.481607
FOXF,Fox Factory Holding Corp,Enterline Larry L  ,Director,Sell,34981.0,106.95,2020-08-25 17:18:26,2020-08-26 22:40:37.481657
PTMN,Portman Ridge Finance Corp,Duka Alexander  ,Director,Buy,10000.0,1.16,2020-08-25 17:19:38,2020-08-26 22:40:37.481714
XPER,Xperi Holding Corp,Habiger David C  ,Director,Buy,7530.0,13.31,2020-08-24 17:19:43,2020-08-26 22:40:37.481773
GRUB,Grubhub Inc.,Maloney Matthew M.  ,CEO,Sell,4886.0,77.03,2020-08-24 17:22:13,2020-08-26 22:40:37.481835
ALRM,"Alarm.com Holdings, Inc.",Trundle Stephen  ,President and CEO,Options Excersise,10000.0,4.0,2020-08-24 17:25:19,2020-08-26 22:40:37.481895
ALRM,"Alarm.com Holdings, Inc.",Trundle Stephen  ,President and CEO,Options Excersise,15000.0,4.0,2020-08-25 17:25:19,2020-08-26 22:40:37.481945
ALRM,"Alarm.com Holdings, Inc.",Trundle Stephen  ,President and CEO,Sell,10000.0,58.66,2020-08-24 17:25:19,2020-08-26 22:40:37.481995
ALRM,"Alarm.com Holdings, Inc.",Trundle Stephen  ,President and CEO,Sell,15000.0,59.12,2020-08-25 17:25:19,2020-08-26 22:40:37.482046
SMED,Sharps Compliance Corp,Diaz Diana P  ,Vice President & CFO,Sell,2600.0,4.84,2020-08-24 17:30:38,2020-08-26 22:40:37.482103
SMED,Sharps Compliance Corp,Diaz Diana P  ,Vice President & CFO,Options Excersise,2600.0,4.84,2020-08-24 17:30:38,2020-08-26 22:40:37.482152
BJ,"Bj's Wholesale Club Holdings, Inc.",Poulliot Brian  ,"EVP, Enterprise Analytics",Options Excersise,15000.0,5.72,2020-08-24 17:37:00,2020-08-26 22:40:37.482209
BJ,"Bj's Wholesale Club Holdings, Inc.",Poulliot Brian  ,"EVP, Enterprise Analytics",Sell,15000.0,46.3,2020-08-24 17:37:00,2020-08-26 22:40:37.482259
BJ,"Bj's Wholesale Club Holdings, Inc.",Werner William C.  ,"SVP, Strat. Plan & Inv. Rel.",Options Excersise,40000.0,5.72,2020-08-24 17:37:25,2020-08-26 22:40:37.482308
BJ,"Bj's Wholesale Club Holdings, Inc.",Werner William C.  ,"SVP, Strat. Plan & Inv. Rel.",Sell,47031.0,46.48,2020-08-24 17:37:25,2020-08-26 22:40:37.482359
FRPH,"Frp Holdings, Inc.",Baker John D Ii  ,Chief Executive Officer,Buy,300.0,40.32,2020-08-26 17:40:57,2020-08-26 22:40:37.482416
FRPH,"Frp Holdings, Inc.",Baker John D Ii  ,Chief Executive Officer,Buy,3400.0,40.61,2020-08-25 17:40:57,2020-08-26 22:40:37.482472
TENX,"Tenax Therapeutics, Inc.",Boyd Steven,,Buy,5692.0,0.73,2020-08-24 17:47:10,2020-08-26 22:40:37.482532
TENX,"Tenax Therapeutics, Inc.",Boyd Steven,,Buy,17211.0,0.77,2020-08-25 17:47:10,2020-08-26 22:40:37.482584
TENX,"Tenax Therapeutics, Inc.",Boyd Steven,,Buy,12000.0,0.75,2020-08-26 17:47:10,2020-08-26 22:40:37.482637
ADMQ,"Adm Endeavors, Inc.",Khanfur Motasem,,Buy,38870.0,0.13,2020-08-26 17:48:45,2020-08-26 22:40:37.482694
HWKN,Hawkins Inc,Lange Douglas A.  ,Vice President - Operations,Buy,800.0,49.95,2020-08-21 17:49:07,2020-08-26 22:40:37.482756
RCL,Royal Caribbean Cruises Ltd,A Wilhelmsen A S,,Sell,600000.0,64.08,2020-08-25 17:52:50,2020-08-26 22:40:37.482816
RCL,Royal Caribbean Cruises Ltd,A Wilhelmsen A S,,Sell,1400000.0,63.24,2020-08-24 17:52:50,2020-08-26 22:40:37.482866
RCL,Royal Caribbean Cruises Ltd,Wilhelmsen Arne Alexander,,Sell,1400000.0,63.24,2020-08-24 17:55:07,2020-08-26 22:40:37.482914
RCL,Royal Caribbean Cruises Ltd,Wilhelmsen Arne Alexander,,Sell,600000.0,64.08,2020-08-25 17:55:07,2020-08-26 22:40:37.482961
TTEK,Tetra Tech Inc,Lemmon Richard A  ,"SVP, Corporate Administration",Options Excersise,2936.0,27.16,2020-08-24 17:57:45,2020-08-26 22:40:37.483017
TTEK,Tetra Tech Inc,Lemmon Richard A  ,"SVP, Corporate Administration",Sell,2936.0,93.51,2020-08-24 17:57:45,2020-08-26 22:40:37.483067
TTEK,Tetra Tech Inc,Volpi Kirsten M,,Sell,800.0,93.44,2020-08-26 17:58:03,2020-08-26 22:40:37.483117
MNST,Monster Beverage Corp,Vidergauz Mark,,Sell,12000.0,83.47,2020-08-13 17:59:28,2020-08-26 22:40:37.483175
AMZN,Amazon Com Inc,Wilke Jeffrey A  ,CEO Worldwide Consumer,Sell,750.0,3304.11,2020-08-24 17:59:53,2020-08-26 22:40:37.483233
ADMQ,"Adm Endeavors, Inc.",Johnson Marc  ,CEO,Buy,24219.0,0.12,2020-08-24 18:00:10,2020-08-26 22:40:37.483293
ADMQ,"Adm Endeavors, Inc.",Johnson Marc  ,CEO,Buy,15370.0,0.12,2020-08-26 18:00:10,2020-08-26 22:40:37.483344
ADMQ,"Adm Endeavors, Inc.",Johnson Marc  ,CEO,Buy,9305.0,0.12,2020-08-25 18:00:10,2020-08-26 22:40:37.483395
ZTS,Zoetis Inc.,Peck Kristin C  ,Chief Executive Officer,Options Excersise,6500.0,30.89,2020-08-25 18:00:43,2020-08-26 22:40:37.483455
ZTS,Zoetis Inc.,Peck Kristin C  ,Chief Executive Officer,Sell,10500.0,157.59,2020-08-25 18:00:43,2020-08-26 22:40:37.483506
ELF,"E.l.f. Beauty, Inc.",Simmons Sabrina,,Sell,7200.0,19.25,2020-08-24 18:00:50,2020-08-26 22:40:37.483567
ELF,"E.l.f. Beauty, Inc.",Watson Maureen C.,,Sell,8353.0,19.48,2020-08-25 18:01:27,2020-08-26 22:40:37.483617
MSFT,Microsoft Corp,Courtois Jean Philippe  ,Executive Vice President,Sell,15014.0,213.59,2020-08-25 18:02:42,2020-08-26 22:40:37.483676
DIOD,Diodes Inc /del/,Lu Keh Shew  ,President & CEO,Sell,8084.0,51.03,2020-08-26 18:06:17,2020-08-26 22:40:37.483739
DIOD,Diodes Inc /del/,Lu Keh Shew  ,President & CEO,Sell,6000.0,50.88,2020-08-25 18:06:17,2020-08-26 22:40:37.483790
DIOD,Diodes Inc /del/,Lu Keh Shew  ,President & CEO,Sell,3000.0,50.15,2020-08-24 18:06:17,2020-08-26 22:40:37.483838
NTRA,"Natera, Inc.",Brophy Michael Burkes  ,Chief Financial Officer,Options Excersise,1626.0,10.41,2020-08-24 18:12:02,2020-08-26 22:40:37.483896
NTRA,"Natera, Inc.",Brophy Michael Burkes  ,Chief Financial Officer,Sell,1626.0,65.83,2020-08-24 18:12:02,2020-08-26 22:40:37.483969
TPIC,"Tpi Composites, Inc",Weiss Daniel G,,Sell,3164.0,32.0,2020-08-24 18:13:35,2020-08-26 22:40:37.484029
GNMK,"Genmark Diagnostics, Inc.",O'brien Scott Alexander  ,"SVP, Global Mktg & Int'l Sales",Sell,1223.0,14.14,2020-08-25 18:14:06,2020-08-26 22:40:37.484089
GNMK,"Genmark Diagnostics, Inc.",Gleeson Michael  ,"SVP, Corp. Accounts",Sell,2904.0,14.14,2020-08-25 18:15:38,2020-08-26 22:40:37.484141
OXY,Occidental Petroleum Corp /de/,Klesse William R,,Buy,10000.0,13.43,2020-08-25 18:15:50,2020-08-26 22:40:37.484202
GNMK,"Genmark Diagnostics, Inc.",Shaw Christine  ,"VP, Assay Development",Sell,379.0,14.14,2020-08-25 18:17:10,2020-08-26 22:40:37.484262
CALM,Cal-maine Foods Inc,"Dlnl, Llc",,Sell,5520000.0,39.0,2020-08-24 18:17:28,2020-08-26 22:40:37.484321
GNMK,"Genmark Diagnostics, Inc.",Ek John Frederick  ,Chief Financial Officer,Sell,1515.0,14.14,2020-08-25 18:18:07,2020-08-26 22:40:37.484380
CALM,Cal-maine Foods Inc,Adams Jean Morris,,Sell,1380000.0,39.0,2020-08-24 18:18:31,2020-08-26 22:40:37.484440
KURA,"Kura Oncology, Inc.",Grasso Marc  ,"CFO, CBO",Sell,10000.0,23.0,2020-08-25 18:22:33,2020-08-26 22:40:37.484499
KURA,"Kura Oncology, Inc.",Grasso Marc  ,"CFO, CBO",Options Excersise,10000.0,15.47,2020-08-25 18:22:33,2020-08-26 22:40:37.484557
TDAC,Trident Acquisitions Corp.,Glazer Paul J  ,10% Owner,Sell,1.0,10.83,2020-08-24 18:23:51,2020-08-26 22:40:37.484618
KURA,"Kura Oncology, Inc.",Wilson Troy Edward  ,President and CEO,Sell,23053.0,22.37,2020-08-25 18:24:13,2020-08-26 22:40:37.484678
KURA,"Kura Oncology, Inc.",Wilson Troy Edward  ,President and CEO,Sell,6568.0,22.04,2020-08-24 18:24:13,2020-08-26 22:40:37.484728
KURA,"Kura Oncology, Inc.",Wilson Troy Edward  ,President and CEO,Options Excersise,23053.0,5.47,2020-08-25 18:24:13,2020-08-26 22:40:37.484781
KURA,"Kura Oncology, Inc.",Wilson Troy Edward  ,President and CEO,Options Excersise,6568.0,4.8,2020-08-24 18:24:13,2020-08-26 22:40:37.838424
GNMK,"Genmark Diagnostics, Inc.",Jensen Tyler  ,"SVP, Engineering and Tech Dev",Sell,1211.0,14.14,2020-08-25 18:27:28,2020-08-26 22:40:37.838526
GNMK,"Genmark Diagnostics, Inc.",Maderazo Alan Baer  ,"VP, Qual, Reg, & Clin Affairs",Sell,2130.0,14.14,2020-08-25 18:28:39,2020-08-26 22:40:37.838583
GNMK,"Genmark Diagnostics, Inc.",Stier Eric  ,SVP & General Counsel,Sell,2684.0,14.14,2020-08-25 18:29:38,2020-08-26 22:40:37.838637
GNMK,"Genmark Diagnostics, Inc.",Mendel Scott  ,President & CEO,Sell,4532.0,14.14,2020-08-25 18:30:44,2020-08-26 22:40:37.838755
ROKU,"Roku, Inc",Rosenberg Scott A.  ,"GM, Sr. VP Platform Business",Sell,2400.0,149.5,2020-08-24 18:32:19,2020-08-26 22:40:37.838837
GNMK,"Genmark Diagnostics, Inc.",Mitchell Brian Andrew  ,"SVP, Operations",Sell,2083.0,14.14,2020-08-25 18:32:44,2020-08-26 22:40:37.838907
GNMK,"Genmark Diagnostics, Inc.",Mitchell Brian Andrew  ,"SVP, Operations",Sell,3464.0,14.74,2020-08-26 18:32:44,2020-08-26 22:40:37.838959
GWW,"W.w. Grainger, Inc.",Williams Susan Slavik  ,Director,Sell,67000.0,349.26,2020-08-24 18:33:34,2020-08-26 22:40:37.839016
GWW,"W.w. Grainger, Inc.",Williams Susan Slavik  ,Director,Sell,20000.0,352.86,2020-08-25 18:33:34,2020-08-26 22:40:37.839069
ROKU,"Roku, Inc",Fyfield Mai,,Sell,306.0,149.5,2020-08-24 18:34:31,2020-08-26 22:40:37.839152
ROKU,"Roku, Inc",Fyfield Mai,,Options Excersise,306.0,35.99,2020-08-24 18:34:31,2020-08-26 22:40:37.839199
PSTV,"Plus Therapeutics, Inc.",Lenk Robert P  ,Director,Buy,3000.0,2.49,2020-08-25 06:05:08,2020-08-26 22:44:03.951000
CWH,"Camping World Holdings, Inc.","Ml Rv Group, Llc  ",10% Owner,Buy,16775.0,29.82,2020-08-25 07:45:40,2020-08-26 22:44:03.954212
USM,United States Cellular Corp,Ellison Jay  ,EVP-COO,Sell,478.0,35.97,2020-08-25 08:55:01,2020-08-26 22:44:03.954292
USM,United States Cellular Corp,Ellison Jay  ,EVP-COO,Sell,28988.0,36.2,2020-08-24 08:55:01,2020-08-26 22:44:03.954350
TURN,180 Degree Capital Corp. /ny/,Rendino Kevin  ,Chairman and CEO,Buy,22300.0,1.92,2020-08-24 08:55:20,2020-08-26 22:44:03.954414
EYPT,"Eyepoint Pharmaceuticals, Inc.",Elston George  ,Chief Financial Officer,Buy,10000.0,0.61,2020-08-24 09:21:36,2020-08-26 22:44:03.954475
OBCI,Ocean Bio Chem Inc,Dudman William  ,Chief Operating Officer,Sell,3000.0,15.25,2020-08-24 09:47:27,2020-08-26 22:44:03.954539
VERU,Veru Inc.,Greco Michele  ,CAO and CFO,Buy,5000.0,2.65,2020-08-24 09:51:34,2020-08-26 22:44:03.954628
PG,Procter & Gamble Co,Sheppard Valarie L  ,"Controller, Treas. & Group VP",Sell,4688.0,138.28,2020-08-25 09:54:45,2020-08-26 22:44:03.954688
XYL,Xylem Inc.,Flinton David  ,Senior Vice President,Sell,1008.0,80.86,2020-08-24 09:56:40,2020-08-26 22:44:03.954753
JBHT,Hunt J B Transport Services Inc,Garrison Earl Wayne,,Sell,44681.0,141.01,2020-08-25 10:09:51,2020-08-26 22:44:03.954813
BSQR,Bsquare Corp /wa,Wheaton Christopher  ,Chief Financial Officer,Buy,6667.0,1.44,2020-08-26 10:16:31,2020-08-26 22:44:03.954900
GRX,Gabelli Healthcare & Wellnessrx Trust,Jonas Jeffrey J. Jr  ,Director,Buy,2000.0,10.76,2020-08-24 10:17:56,2020-08-26 22:44:03.954958
CME,Cme Group Inc.,Suskind Dennis  ,Director,Sell,2000.0,174.61,2020-08-25 10:37:37,2020-08-26 22:44:03.955016
DKL,"Delek Logistics Partners, Lp",Spiegel Reuven  ,EVP/CFO,Sell,5000.0,33.6,2020-08-24 10:39:44,2020-08-26 22:44:03.955076
DIOD,Diodes Inc /del/,Soong Raymond  ,Other,Sell,36749.0,50.45,2020-08-25 10:48:49,2020-08-26 22:44:03.955135
WLFC,Willis Lease Finance Corp,Hole Brian Richard  ,PRESIDENT,Sell,600.0,20.32,2020-08-25 10:49:13,2020-08-26 22:44:03.955196
AUB,Atlantic Union Bankshares Corp,Clarke Michael W,,Sell,2000.0,23.42,2020-08-24 10:56:47,2020-08-26 22:44:03.955259
AUB,Atlantic Union Bankshares Corp,Clarke Michael W,,Sell,2000.0,24.66,2020-08-25 10:56:47,2020-08-26 22:44:03.955308
AUB,Atlantic Union Bankshares Corp,Clarke Michael W,,Sell,2000.0,24.55,2020-08-26 10:56:47,2020-08-26 22:44:03.955357
RZLT,"Rezolute, Inc.","Handok, Inc.",,Buy,125000.0,0.5,2020-08-25 11:02:38,2020-08-26 22:44:03.955417
RZLT,"Rezolute, Inc.","Handok, Inc.",,Buy,125000.0,0.49,2020-08-24 11:02:38,2020-08-26 22:44:03.955468
BWFG,"Bankwell Financial Group, Inc.",Garnett James M Jr,,Buy,83.0,15.58,2020-08-24 11:10:08,2020-08-26 22:44:03.955528
BWFG,"Bankwell Financial Group, Inc.",Dale Eric J,,Buy,233.0,15.82,2020-08-24 11:10:24,2020-08-26 22:44:03.955579
BWFG,"Bankwell Financial Group, Inc.",Porto Carl M,,Buy,119.0,15.81,2020-08-24 11:10:40,2020-08-26 22:44:03.955630
BWFG,"Bankwell Financial Group, Inc.",Jones Daniel S,,Buy,229.0,15.81,2020-08-24 11:10:57,2020-08-26 22:44:03.955678
BWFG,"Bankwell Financial Group, Inc.",Drexler Blake S,,Buy,198.0,15.7,2020-08-24 11:11:13,2020-08-26 22:44:03.955732
TIPT,Tiptree Inc.,Barnes Michael Gene  ,Executive Chairman,Buy,5855.0,5.57,2020-08-24 11:13:13,2020-08-26 22:44:03.955793
TIPT,Tiptree Inc.,Barnes Michael Gene  ,Executive Chairman,Buy,5855.0,5.68,2020-08-25 11:13:13,2020-08-26 22:44:03.955846
CSBB,Csb Bancorp Inc /oh,Steiner Eddie L  ,President & CEO,Buy,645.0,31.9,2020-08-24 11:13:49,2020-08-26 22:44:03.955905
CSBB,Csb Bancorp Inc /oh,Steiner Eddie L  ,President & CEO,Buy,500.0,32.0,2020-08-26 11:13:49,2020-08-26 22:44:03.955956
ATO,Atmos Energy Corp,Yoho Frank H  ,Director,Buy,1500.0,99.48,2020-08-26 11:16:50,2020-08-26 22:44:03.956018
DE,Deere & Co,Howze Marc A  ,"Group Pres., Life Sol & CAO",Sell,7996.0,208.17,2020-08-25 11:48:28,2020-08-26 22:44:03.956077
DE,Deere & Co,Howze Marc A  ,"Group Pres., Life Sol & CAO",Options Excersise,7996.0,74.24,2020-08-25 11:48:28,2020-08-26 22:44:03.956126
IPHI,Inphi Corp,Mcwilliams Bruce M  ,Director,Sell,3500.0,116.52,2020-08-25 12:00:49,2020-08-26 22:44:03.956185
MSA,Msa Safety Inc,Krause Kenneth D.  ,"Senior VP, CFO and Treasurer",Sell,1685.0,126.0,2020-08-24 12:02:58,2020-08-26 22:44:03.956243
MSA,Msa Safety Inc,Krause Kenneth D.  ,"Senior VP, CFO and Treasurer",Options Excersise,478.0,44.5,2020-08-25 12:02:58,2020-08-26 22:44:03.956294
MSA,Msa Safety Inc,Krause Kenneth D.  ,"Senior VP, CFO and Treasurer",Options Excersise,1685.0,48.64,2020-08-24 12:02:58,2020-08-26 22:44:03.956343
MSA,Msa Safety Inc,Krause Kenneth D.  ,"Senior VP, CFO and Treasurer",Sell,478.0,126.5,2020-08-25 12:02:58,2020-08-26 22:44:03.956392
CKX,"Ckx Lands, Inc.",Stream William Gray  ,President & Treasurer,Buy,148.0,9.71,2020-08-24 12:13:27,2020-08-26 22:44:03.956451
CKX,"Ckx Lands, Inc.",Stream William Gray  ,President & Treasurer,Buy,1415.0,9.95,2020-08-25 12:13:27,2020-08-26 22:44:03.956504
ZMTP,"Zoom Telephonics, Inc.",Palmer Bradley C,,Buy,14163.0,1.9,2020-08-25 12:20:40,2020-08-26 22:44:03.956566
ZMTP,"Zoom Telephonics, Inc.",Palmer Bradley C,,Buy,837.0,1.95,2020-08-24 12:20:40,2020-08-26 22:44:03.956618
SGC,"Superior Group Of Companies, Inc.",Hensley Robin  ,Director,Options Excersise,3000.0,5.55,2020-08-24 12:33:15,2020-08-26 22:44:03.956676
SGC,"Superior Group Of Companies, Inc.",Hensley Robin  ,Director,Options Excersise,25000.0,6.31,2020-08-25 12:33:15,2020-08-26 22:44:03.956725
SGC,"Superior Group Of Companies, Inc.",Hensley Robin  ,Director,Sell,6800.0,23.49,2020-08-24 12:33:15,2020-08-26 22:44:03.956772
SGC,"Superior Group Of Companies, Inc.",Hensley Robin  ,Director,Sell,25000.0,22.78,2020-08-25 12:33:15,2020-08-26 22:44:03.956821
TPL,Texas Pacific Land Trust,Horizon Kinetics Asset Management Llc  ,10% Owner,Buy,44.0,545.14,2020-08-25 12:36:56,2020-08-26 22:44:03.956881
CNNE,"Cannae Holdings, Inc.",Massey Richard N  ,Chief Executive Officer,Buy,5000.0,36.95,2020-08-24 12:50:50,2020-08-26 22:44:03.956942
OPBK,Op Bancorp,Park Myung  ,Director,Sell,20990.0,6.22,2020-08-25 12:51:34,2020-08-26 22:44:03.957000
RCG,"Renn Fund, Inc.",Stahl Murray  ,President and CEO,Buy,675.0,1.29,2020-08-25 13:04:36,2020-08-26 22:44:03.957062
CIEN,Ciena Corp,Moylan James E Jr  ,"SVP Finance, CFO",Sell,2000.0,60.44,2020-08-24 13:05:40,2020-08-26 22:44:03.957124
CPSI,Computer Programs & Systems Inc,Chambless Matt J  ,"CFO, Secretary & Treasurer",Sell,13000.0,28.34,2020-08-25 13:11:02,2020-08-26 22:44:03.957183
BGFV,Big 5 Sporting Goods Corp,Fraley Jeffrey L  ,"Senior VP, Human Resources",Sell,4062.0,6.32,2020-08-24 13:16:35,2020-08-26 22:44:03.957241
EPR,Epr Properties,Shanks Virginia E  ,Director,Buy,1600.0,31.0,2020-08-25 13:16:48,2020-08-26 22:44:03.957300
CWST,Casella Waste Systems Inc,Oconnor James E,,Sell,7390.0,56.35,2020-08-24 13:21:20,2020-08-26 22:44:03.957365
TPVG,Triplepoint Venture Growth Bdc Corp.,Mathieu Christopher M.  ,Chief Financial Officer,Buy,5500.0,12.39,2020-08-24 13:31:10,2020-08-26 22:44:03.957468
XBIT,Xbiotech Inc.,Han Queena  ,VP Finance & HR,Sell,51841.0,19.65,2020-08-24 13:35:17,2020-08-26 22:44:03.957639
XBIT,Xbiotech Inc.,Han Queena  ,VP Finance & HR,Options Excersise,51841.0,7.21,2020-08-24 13:35:17,2020-08-26 22:44:03.957690
SNPS,Synopsys Inc,Runkel John F Jr  ,GC & Corporate Secretary,Sell,9629.0,212.03,2020-08-24 13:41:05,2020-08-26 22:44:03.957752
SNPS,Synopsys Inc,Runkel John F Jr  ,GC & Corporate Secretary,Options Excersise,9629.0,90.51,2020-08-24 13:41:05,2020-08-26 22:44:03.957803
CCNE,Cnb Financial Corp/pa,Scott Nicholas N. Jr.  ,Director,Buy,2000.0,25.0,2020-08-26 13:43:12,2020-08-26 22:44:03.957864
SGC,"Superior Group Of Companies, Inc.",Demott Andrew D Jr  ,Chief Operating Officer,Options Excersise,15000.0,16.35,2020-08-25 13:49:00,2020-08-26 22:44:03.957933
CCNE,Cnb Financial Corp/pa,Seager Richard B.  ,Director,Buy,3000.0,25.0,2020-08-26 13:53:19,2020-08-26 22:44:03.957997
CCNE,Cnb Financial Corp/pa,Straub Francis X Iii  ,Director,Buy,8000.0,25.0,2020-08-26 14:09:43,2020-08-26 22:44:03.958052
CCNE,Cnb Financial Corp/pa,Varischetti Peter C  ,Director,Buy,3000.0,25.0,2020-08-26 14:17:02,2020-08-26 22:44:03.958104
KMT,Kennametal Inc,Martin Lorraine M  ,Director,Options Excersise,566.0,29.15,2020-08-25 14:20:55,2020-08-26 22:44:03.958162
CCNE,Cnb Financial Corp/pa,Griffith Martin T.  ,EVP/Community Banking,Buy,3637.0,25.0,2020-08-26 14:21:46,2020-08-26 22:44:03.958222
CCNE,Cnb Financial Corp/pa,Young Julie M.  ,Director,Buy,600.0,25.0,2020-08-26 14:28:54,2020-08-26 22:44:03.958274
KFS,Kingsway Financial Services Inc,"Stilwell Value Partners Vii, L.p.",,Buy,20779.0,2.75,2020-08-25 14:34:08,2020-08-26 22:44:03.958335
KFS,Kingsway Financial Services Inc,"Stilwell Value Partners Vii, L.p.",,Buy,13000.0,2.72,2020-08-24 14:34:08,2020-08-26 22:44:03.958387
CCNE,Cnb Financial Corp/pa,Kassab Leanne D  ,EVP/Customer Experience,Buy,1000.0,25.0,2020-08-26 14:35:24,2020-08-26 22:44:03.958453
MCBC,Macatawa Bank Corp,Doyle Timothy J.  ,Chief Commercial Banking Ofcr.,Buy,3100.0,7.53,2020-08-26 14:41:05,2020-08-26 22:44:03.958515
CCNE,Cnb Financial Corp/pa,Peterson Joel E.  ,Director,Buy,1000.0,25.0,2020-08-26 14:42:08,2020-08-26 22:44:03.958576
KMT,Kennametal Inc,Wunning Steven H  ,Director,Options Excersise,646.0,29.15,2020-08-25 14:48:11,2020-08-26 22:44:03.958635
IEX,Idex Corp /de/,Bucklew Jeffrey D  ,SVP-Chief HR Officer,Options Excersise,804.0,84.0,2020-08-24 14:51:14,2020-08-26 22:44:03.958698
IEX,Idex Corp /de/,Bucklew Jeffrey D  ,SVP-Chief HR Officer,Options Excersise,1936.0,93.27,2020-08-25 14:51:14,2020-08-26 22:44:03.958748
IEX,Idex Corp /de/,Bucklew Jeffrey D  ,SVP-Chief HR Officer,Sell,804.0,180.07,2020-08-24 14:51:14,2020-08-26 22:44:03.958800
IEX,Idex Corp /de/,Bucklew Jeffrey D  ,SVP-Chief HR Officer,Sell,1936.0,180.9,2020-08-25 14:51:14,2020-08-26 22:44:03.958850
CCNE,Cnb Financial Corp/pa,Dixon Gregory M  ,EVP/CRO,Buy,1000.0,25.0,2020-08-26 15:05:22,2020-08-26 22:44:03.958908
CWGL,"Crimson Wine Group, Ltd",Steinberg Joseph S,,Buy,3740.0,5.8,2020-08-24 15:10:46,2020-08-26 22:44:03.958977
CCNE,Cnb Financial Corp/pa,Greslick Richard Lee Jr.  ,"Secretary, Senior EVP",Buy,2000.0,25.0,2020-08-26 15:13:12,2020-08-26 22:44:03.959037
IRTC,"Irhythm Technologies, Inc.",Vort David A  ,"EVP, Sales",Options Excersise,5264.0,8.18,2020-08-24 15:16:51,2020-08-26 22:44:03.959095
IRTC,"Irhythm Technologies, Inc.",Vort David A  ,"EVP, Sales",Sell,5264.0,215.73,2020-08-24 15:16:51,2020-08-26 22:44:03.959145
CWGL,"Crimson Wine Group, Ltd",Cumming John D.,,Buy,3740.0,5.8,2020-08-24 15:19:59,2020-08-26 22:44:03.959204
CCNE,Cnb Financial Corp/pa,Bower Joseph B Jr  ,President and CEO,Buy,4360.0,25.0,2020-08-26 15:26:48,2020-08-26 22:44:03.959263
AGCO,Agco Corp /de,Long Lara Thrush  ,"VP, Chief Accounting Officer",Options Excersise,875.0,55.02,2020-08-24 15:28:30,2020-08-26 22:44:03.959323
ALG,Alamo Group Inc,Wehrle Richard J  ,VP & Corporate Controller,Options Excersise,10000.0,34.58,2020-08-25 15:31:20,2020-08-26 22:44:03.959381
CCNE,Cnb Financial Corp/pa,Smith Peter F  ,Director,Buy,12000.0,25.0,2020-08-26 15:34:04,2020-08-26 22:44:03.959443
CCNE,Cnb Financial Corp/pa,Shilling Steven R Shaffner  ,EVP/Wealth & Assset Management,Buy,400.0,25.0,2020-08-26 15:40:35,2020-08-26 22:44:03.959493
MRBK,Meridian Corp,Holland Robert T.  ,Director,Buy,900.0,15.21,2020-08-25 15:43:10,2020-08-26 22:44:03.959552
VAL,Valaris Plc,Weitzman Adam  ,Director,Sell,3750000.0,0.1,2020-08-25 15:44:33,2020-08-26 22:44:03.959609
VAL,Valaris Plc,Weitzman Adam  ,Director,Sell,4082076.0,0.2,2020-08-24 15:44:33,2020-08-26 22:44:03.959662
VAL,Valaris Plc,Barrett Jonathan Dan  ,10% Owner,Sell,3750000.0,0.1,2020-08-25 15:47:23,2020-08-26 22:44:03.959714
VAL,Valaris Plc,Barrett Jonathan Dan  ,10% Owner,Sell,4082076.0,0.2,2020-08-24 15:47:23,2020-08-26 22:44:03.959768
BLNK,Blink Charging Co.,Levine Jack,,Buy,10000.0,8.0,2020-08-25 15:49:16,2020-08-26 22:44:03.959829
OLLI,"Ollie's Bargain Outlet Holdings, Inc.",Mclain Kevin  ,"SVP, Merchandising",Sell,4076.0,110.69,2020-08-24 16:00:20,2020-08-26 22:44:03.959890
OLLI,"Ollie's Bargain Outlet Holdings, Inc.",Mclain Kevin  ,"SVP, Merchandising",Options Excersise,4076.0,20.26,2020-08-24 16:00:20,2020-08-26 22:44:03.960015
MMC,"Marsh & Mclennan Companies, Inc.",Ferland Martine  ,"President and CEO, Mercer",Sell,2940.0,112.9,2020-08-25 16:00:22,2020-08-26 22:44:03.960081
HPTO,Hopto Inc.,Skeels Jonathon R  ,Chief Executive Officer,Buy,80642.0,0.4,2020-08-24 16:00:46,2020-08-26 22:44:03.960143
FIVN,"Five9, Inc.",Welsh David S.,,Sell,5000.0,123.57,2020-08-25 16:01:20,2020-08-26 22:44:04.322248
CLIR,Clearsign Technologies Corp,Pate Bruce Alan,,Buy,35000.0,2.0,2020-08-24 16:01:21,2020-08-26 22:44:04.322356
CLIR,Clearsign Technologies Corp,Meline Susanne,,Buy,5000.0,2.0,2020-08-24 16:01:40,2020-08-26 22:44:04.322417
FIVN,"Five9, Inc.",Alexy Kimberly,,Sell,4517.0,125.22,2020-08-26 16:03:59,2020-08-26 22:44:04.322477
SPOK,"Spok Holdings, Inc",Oreilly Brian  ,Director,Buy,2000.0,10.95,2020-08-25 16:04:26,2020-08-26 22:44:04.322540
FREE,"Whole Earth Brands, Inc.",Rusie Andrew  ,Chief Financial Officer,Buy,1270.0,7.84,2020-08-26 16:05:20,2020-08-26 22:44:04.322602
SPOK,"Spok Holdings, Inc",Kelly Vincent D  ,President & CEO,Buy,5000.0,10.9,2020-08-24 16:05:31,2020-08-26 22:44:04.322737
SPOK,"Spok Holdings, Inc",Kelly Vincent D  ,President & CEO,Buy,1755.0,10.99,2020-08-25 16:05:31,2020-08-26 22:44:04.322789
AE,"Adams Resources & Energy, Inc.",Niemann John O. Jr.,,Buy,8.0,22.03,2020-08-25 16:07:53,2020-08-26 22:44:04.322848
FTNT,"Fortinet, Inc.",Jensen Keith  ,CFO & Chief Accounting Officer,Options Excersise,6696.0,56.93,2020-08-25 16:08:55,2020-08-26 22:44:04.322989
FTNT,"Fortinet, Inc.",Jensen Keith  ,CFO & Chief Accounting Officer,Sell,6696.0,132.38,2020-08-25 16:08:55,2020-08-26 22:44:04.323041
OC,Owens Corning,Schmidt Kelly  ,Vice President and Controller,Sell,4967.0,69.0,2020-08-25 16:09:20,2020-08-26 22:44:04.323123
FTNT,"Fortinet, Inc.",Xie Michael  ,"VP, Engineering & CTO",Sell,30000.0,132.11,2020-08-24 16:09:49,2020-08-26 22:44:04.323183
FTNT,"Fortinet, Inc.",Xie Michael  ,"VP, Engineering & CTO",Sell,30000.0,132.18,2020-08-25 16:09:49,2020-08-26 22:44:04.323233
ACIW,"Aci Worldwide, Inc.",Byrnes Dennis  ,"EVP, General Counsel & Sec.",Options Excersise,13152.0,8.88,2020-08-24 16:12:04,2020-08-26 22:44:04.323292
ACIW,"Aci Worldwide, Inc.",Byrnes Dennis  ,"EVP, General Counsel & Sec.",Options Excersise,35133.0,8.88,2020-08-25 16:12:04,2020-08-26 22:44:04.323340
ACIW,"Aci Worldwide, Inc.",Byrnes Dennis  ,"EVP, General Counsel & Sec.",Sell,13152.0,30.01,2020-08-24 16:12:04,2020-08-26 22:44:04.323389
ACIW,"Aci Worldwide, Inc.",Byrnes Dennis  ,"EVP, General Counsel & Sec.",Sell,35133.0,30.05,2020-08-25 16:12:04,2020-08-26 22:44:04.323437
SPT,"Sprout Social, Inc.",Del Preto Joseph  ,CFO and Treasurer,Sell,4000.0,34.79,2020-08-24 16:12:33,2020-08-26 22:44:04.323495
EPD,Enterprise Products Partners L.p.,Bacon Graham W.  ,Executive Vice President & COO,Buy,10000.0,17.5,2020-08-26 16:13:22,2020-08-26 22:44:04.323553
CALX,"Calix, Inc",Listwin Donald J,,Buy,22955.0,19.98,2020-08-24 16:15:00,2020-08-26 22:44:04.323613
CALX,"Calix, Inc",Listwin Donald J,,Buy,5109.0,19.82,2020-08-25 16:15:00,2020-08-26 22:44:04.323665
AX,"Axos Financial, Inc.",Micheletti Andrew J  ,"EVP, Chief Financial Officer",Options Excersise,15000.0,25.16,2020-08-24 16:16:08,2020-08-26 22:44:04.323722
GCI,"Gannett Co., Inc.",Tarica Laurence,,Buy,441.0,1.62,2020-08-25 16:16:18,2020-08-26 22:44:04.323780
PGNY,"Progyny, Inc.",Coulter James G,,Sell,13994.0,28.96,2020-08-24 16:17:38,2020-08-26 22:44:04.323838
IT,Gartner Inc,Smith James C  ,Director,Sell,13625.0,133.24,2020-08-25 16:19:04,2020-08-26 22:44:04.323898
DAR,Darling Ingredients Inc.,Snell Brenda  ,Chief Accounting Officer,Sell,10000.0,33.0,2020-08-26 16:20:14,2020-08-26 22:44:04.323958
IT,Gartner Inc,Harris Michael P  ,"EVP, Research & Advisory",Sell,1426.0,131.53,2020-08-25 16:21:18,2020-08-26 22:44:04.324016
QMCO,Quantum Corp /de/,Dodson J Michael  ,"Senior Vice President, CFO",Sell,12266.0,5.38,2020-08-24 16:22:28,2020-08-26 22:44:04.324073
QMCO,Quantum Corp /de/,King Elizabeth  ,Chief Revenue Officer,Sell,34564.0,5.38,2020-08-24 16:22:51,2020-08-26 22:44:04.324122
QMCO,Quantum Corp /de/,Moorehead Lewis W.  ,Chief Accounting Officer,Sell,4465.0,5.38,2020-08-24 16:23:21,2020-08-26 22:44:04.324172
QMCO,Quantum Corp /de/,Martella Donald E. Jr.  ,"SVP, Engineering",Sell,1931.0,5.38,2020-08-24 16:23:40,2020-08-26 22:44:04.324222
ADBE,Adobe Inc.,Lamkin Bryan  ,"EVP, GM, Digital Media",Sell,13095.0,476.63,2020-08-24 16:23:52,2020-08-26 22:44:04.324281
CBGL,"Cannabis Global, Inc.","Ghs Investments, Llc",,Sell,22900.0,0.14,2020-08-25 16:24:06,2020-08-26 22:44:04.324354
CBGL,"Cannabis Global, Inc.","Ghs Investments, Llc",,Sell,18511.0,0.16,2020-08-24 16:24:06,2020-08-26 22:44:04.324413
TTI,Tetra Technologies Inc,Murphy Brady M  ,President & CEO,Options Excersise,53810.0,0.0,2020-08-25 16:24:30,2020-08-26 22:44:04.324481
TTI,Tetra Technologies Inc,Mucha Jacek M  ,"VP Finance, Treasurer",Options Excersise,2152.0,0.0,2020-08-25 16:24:38,2020-08-26 22:44:04.324537
SNEX,Stonex Group Inc.,Branch Scott J,,Sell,19962.0,60.4,2020-08-25 16:24:52,2020-08-26 22:44:04.324601
TTI,Tetra Technologies Inc,Serrano Elijio V  ,Sr. Vice President & CFO,Options Excersise,34079.0,0.0,2020-08-25 16:25:07,2020-08-26 22:44:04.324666
TTI,Tetra Technologies Inc,Moeller Timothy C  ,VP & Chief Procurement Officer,Options Excersise,4484.0,0.0,2020-08-25 16:25:16,2020-08-26 22:44:04.324721
TTI,Tetra Technologies Inc,Sanderson Matthew  ,Senior Vice President,Options Excersise,17936.0,0.0,2020-08-25 16:25:27,2020-08-26 22:44:04.324776
TARA,"Protara Therapeutics, Inc.",Marshall Randall,,Sell,2461.0,22.73,2020-08-25 16:27:27,2020-08-26 22:44:04.324839
TARA,"Protara Therapeutics, Inc.",Marshall Randall,,Sell,974.0,23.16,2020-08-24 16:27:27,2020-08-26 22:44:04.324894
AZPN,Aspen Technology Inc /de/,Johnsen Karl E  ,Senior Vice President and CFO,Sell,2006.0,124.98,2020-08-24 16:28:31,2020-08-26 22:44:04.324957
CWCO,Consolidated Water Co. Ltd.,Pergande Wilmer F.,,Sell,2657.0,12.14,2020-08-24 16:30:12,2020-08-26 22:44:04.325023
COUP,Coupa Software Inc,Riggs Mark  ,Chief Customer Officer,Sell,931.0,305.85,2020-08-24 16:30:14,2020-08-26 22:44:04.325092
COUP,Coupa Software Inc,Riggs Mark  ,Chief Customer Officer,Options Excersise,931.0,41.95,2020-08-24 16:30:14,2020-08-26 22:44:04.325181
GHMP,"Good Hemp, Inc.",Alessi William Rosario Jr  ,Chief Executive Officer,Sell,2286.0,1.31,2020-08-01 16:30:18,2020-08-26 22:44:04.325277
ZI,Zoominfo Technologies Inc.,22c Capital Gp I Mm Llc,,Sell,1446366.0,35.8,2020-08-24 16:30:24,2020-08-26 22:44:04.325340
ZI,Zoominfo Technologies Inc.,Carlyle Holdings Ii L.l.c.  ,10% Owner,Sell,7061428.0,35.8,2020-08-24 16:30:25,2020-08-26 22:44:04.325399
BLD,Topbuild Corp,Peterson John S.  ,Vice  President and CFO,Sell,3200.0,156.9,2020-08-24 16:30:27,2020-08-26 22:44:04.325541
GMED,Globus Medical Inc,Tobin James R  ,Director,Sell,17400.0,54.4,2020-08-25 16:30:47,2020-08-26 22:44:04.325603
GMED,Globus Medical Inc,Tobin James R  ,Director,Options Excersise,17400.0,26.27,2020-08-25 16:30:47,2020-08-26 22:44:04.325654
ZI,Zoominfo Technologies Inc.,"Carlyle Partners Vi Dash Holdings, L.p.  ",10% Owner,Sell,7061428.0,35.8,2020-08-24 16:30:59,2020-08-26 22:44:04.325710
LTRX,Lantronix Inc,Bruscha Bernhard,,Options Excersise,25000.0,1.51,2020-08-25 16:31:07,2020-08-26 22:44:04.325768
ZI,Zoominfo Technologies Inc.,Fivew Discoverorg Llc,,Sell,1920329.0,35.8,2020-08-24 16:31:19,2020-08-26 22:44:04.325822
ICE,"Intercontinental Exchange, Inc.",Hill Scott A  ,Chief Financial Officer,Options Excersise,39800.0,41.37,2020-08-24 16:31:23,2020-08-26 22:44:04.325879
ICE,"Intercontinental Exchange, Inc.",Hill Scott A  ,Chief Financial Officer,Sell,39800.0,105.36,2020-08-24 16:31:23,2020-08-26 22:44:04.325928
NKE,"Nike, Inc.",Matheson Monique S.  ,EVP: HR,Sell,8500.0,111.0,2020-08-24 16:31:36,2020-08-26 22:44:04.325985
NKE,"Nike, Inc.",Matheson Monique S.  ,EVP: HR,Options Excersise,8500.0,31.68,2020-08-24 16:31:36,2020-08-26 22:44:04.326038
NKE,"Nike, Inc.",O'neill Heidi  ,PRES: CONSUMER AND MKTPLC,Options Excersise,22000.0,38.76,2020-08-24 16:32:44,2020-08-26 22:44:04.326088
NKE,"Nike, Inc.",O'neill Heidi  ,PRES: CONSUMER AND MKTPLC,Sell,22000.0,110.0,2020-08-24 16:32:44,2020-08-26 22:44:04.326137
STE,Steris Plc,Breeden Richard C  ,Director,Sell,25000.0,153.37,2020-08-24 16:33:43,2020-08-26 22:44:04.326195
STE,Steris Plc,Breeden Richard C  ,Director,Sell,20000.0,154.65,2020-08-25 16:33:43,2020-08-26 22:44:04.326244
PRLB,Proto Labs Inc,Goodman John B  ,Director,Sell,1000.0,132.75,2020-08-24 16:33:56,2020-08-26 22:44:04.326300
CSII,Cardiovascular Systems Inc,Rosenstein Alexander  ,General Counsel & Corp. Sec.,Sell,4692.0,31.94,2020-08-24 16:34:19,2020-08-26 22:44:04.326358
CSII,Cardiovascular Systems Inc,Sedo Sandra  ,Chief Compliance Officer,Sell,2914.0,31.94,2020-08-24 16:34:40,2020-08-26 22:44:04.326408
MEDP,"Medpace Holdings, Inc.","Medpace Investors, Llc",,Sell,11597.0,123.23,2020-08-25 16:36:02,2020-08-26 22:44:04.326468
MEDP,"Medpace Holdings, Inc.","Medpace Investors, Llc",,Sell,18903.0,123.36,2020-08-24 16:36:02,2020-08-26 22:44:04.326518
IBKR,"Interactive Brokers Group, Inc.",Nemser Earl H  ,Vice Chairman,Sell,45834.0,51.93,2020-08-24 16:37:01,2020-08-26 22:44:04.326574
IBKR,"Interactive Brokers Group, Inc.",Nemser Earl H  ,Vice Chairman,Sell,40147.0,51.95,2020-08-25 16:37:01,2020-08-26 22:44:04.326625
MEDP,"Medpace Holdings, Inc.",Troendle August J.  ,President & CEO,Sell,11597.0,123.23,2020-08-25 16:37:47,2020-08-26 22:44:04.326681
MEDP,"Medpace Holdings, Inc.",Troendle August J.  ,President & CEO,Sell,18903.0,123.36,2020-08-24 16:37:47,2020-08-26 22:44:04.326729
NOVC,"Novation Companies, Inc.",Pointer David William  ,Chief Executive Officer,Sell,1000000.0,0.02,2020-08-24 16:38:06,2020-08-26 22:44:04.326784
VRCA,Verrica Pharmaceuticals Inc.,Ballaron Craig  ,Director,Buy,5228.0,9.16,2020-08-24 16:40:00,2020-08-26 22:44:04.326844
VRCA,Verrica Pharmaceuticals Inc.,Ballaron Craig  ,Director,Buy,4772.0,8.57,2020-08-25 16:40:00,2020-08-26 22:44:04.326895
TFX,Teleflex Inc,Klasko Stephen K. M.d.,,Options Excersise,200.0,58.25,2020-08-25 16:41:15,2020-08-26 22:44:04.326951
TFX,Teleflex Inc,Klasko Stephen K. M.d.,,Sell,200.0,373.74,2020-08-25 16:41:15,2020-08-26 22:44:04.326999
LGIH,"Lgi Homes, Inc.",Snider Michael Larry  ,President and COO,Sell,8525.0,117.82,2020-08-25 16:42:48,2020-08-26 22:44:04.327054
ESSA,"Essa Bancorp, Inc.",Gray Peter A  ,EVP and Chief Banking Officer,Buy,1000.0,13.0,2020-08-24 16:44:45,2020-08-26 22:44:04.327114
CARG,"Cargurus, Inc.",Steinert Langley  ,CEO and Chairman,Sell,4.0,27.32,2020-08-24 16:44:52,2020-08-26 22:44:04.327173
CRWD,"Crowdstrike Holdings, Inc.",Watzinger Gerhard,,Sell,30000.0,112.72,2020-08-24 16:45:06,2020-08-26 22:44:04.327230
ANGI,Angi Homeservices Inc.,Ridenour William B.  ,CEO,Sell,498446.0,14.39,2020-08-25 16:45:32,2020-08-26 22:44:04.327285
ANGI,Angi Homeservices Inc.,Ridenour William B.  ,CEO,Sell,734901.0,14.08,2020-08-24 16:45:32,2020-08-26 22:44:04.327334
ANGI,Angi Homeservices Inc.,Ridenour William B.  ,CEO,Options Excersise,954773.0,0.98,2020-08-25 16:45:32,2020-08-26 22:44:04.327386
ANGI,Angi Homeservices Inc.,Ridenour William B.  ,CEO,Options Excersise,1410458.0,0.98,2020-08-24 16:45:32,2020-08-26 22:44:04.327434
ANGI,Angi Homeservices Inc.,Smith Craig M.  ,President & COO,Sell,650000.0,14.21,2020-08-24 16:45:44,2020-08-26 22:44:04.327482
ANGI,Angi Homeservices Inc.,Smith Craig M.  ,President & COO,Options Excersise,365354.0,4.53,2020-08-25 16:45:44,2020-08-26 22:44:04.327531
ANGI,Angi Homeservices Inc.,Smith Craig M.  ,President & COO,Sell,140000.0,14.34,2020-08-25 16:45:44,2020-08-26 22:44:04.327633
ANGI,Angi Homeservices Inc.,Smith Craig M.  ,President & COO,Options Excersise,1707259.0,4.53,2020-08-24 16:45:44,2020-08-26 22:44:04.327684
SRE,Sempra Energy,Walker Cynthia Lynn,,Buy,2000.0,125.46,2020-08-25 16:46:25,2020-08-26 22:44:04.327742
DPZ,Dominos Pizza Inc,Cantor Diana F  ,Director,Sell,504.0,420.49,2020-08-24 16:47:23,2020-08-26 22:44:04.327801
DPZ,Dominos Pizza Inc,Federico Richard L  ,Director,Sell,1500.0,421.0,2020-08-24 16:48:46,2020-08-26 22:44:04.327850
ENZN,"Enzon Pharmaceuticals, Inc.",Pearce Michael Cooper,,Sell,52100.0,0.18,2020-08-24 16:49:30,2020-08-26 22:44:04.327907
ENZN,"Enzon Pharmaceuticals, Inc.",Pearce Michael Cooper,,Sell,25000.0,0.19,2020-08-25 16:49:30,2020-08-26 22:44:04.327954
APEI,American Public Education Inc,Landon Timothy J,,Sell,350.0,32.77,2020-08-24 16:50:20,2020-08-26 22:44:04.328008
YEXT,"Yext, Inc.",Distelburger Brian  ,President,Sell,10000.0,17.56,2020-08-25 16:50:24,2020-08-26 22:44:04.328064
DPZ,Dominos Pizza Inc,Ballard Andy  ,Director,Sell,700.0,418.68,2020-08-25 16:50:32,2020-08-26 22:44:04.328122
YEXT,"Yext, Inc.",Dixon Tom Christopher  ,Chief Technology Officer,Sell,2500.0,17.55,2020-08-25 16:50:45,2020-08-26 22:44:04.328178
ADUS,Addus Homecare Corp,Poff Brian  ,EVP/Chief Financial Officer,Sell,21547.0,92.62,2020-08-25 16:52:58,2020-08-26 22:44:04.328232
ADUS,Addus Homecare Corp,Poff Brian  ,EVP/Chief Financial Officer,Sell,4693.0,93.8,2020-08-24 16:52:58,2020-08-26 22:44:04.729351
ADUS,Addus Homecare Corp,Poff Brian  ,EVP/Chief Financial Officer,Options Excersise,21547.0,29.88,2020-08-25 16:52:58,2020-08-26 22:44:04.729448
ADUS,Addus Homecare Corp,Poff Brian  ,EVP/Chief Financial Officer,Options Excersise,4693.0,18.33,2020-08-24 16:52:58,2020-08-26 22:44:04.729502
VSLR,"Vivint Solar, Inc.",Pedersen Todd R.  ,Director,Sell,141428.0,27.92,2020-08-25 16:56:17,2020-08-26 22:44:04.729561
VSLR,"Vivint Solar, Inc.",Pedersen Todd R.  ,Director,Sell,197554.0,27.61,2020-08-24 16:56:17,2020-08-26 22:44:04.729612
FRD,Friedman Industries Inc,Taylor Mike J  ,President / CEO / Director,Buy,5000.0,5.32,2020-08-24 16:57:03,2020-08-26 22:44:04.729670
FRD,Friedman Industries Inc,Taylor Mike J  ,President / CEO / Director,Buy,5000.0,5.41,2020-08-25 16:57:03,2020-08-26 22:44:04.729721
FRD,Friedman Industries Inc,Taylor Mike J  ,President / CEO / Director,Buy,5000.0,5.49,2020-08-26 16:57:03,2020-08-26 22:44:04.729771
CENX,Century Aluminum Co,Hoerner John E.  ,EVP - N. American Operations,Sell,10000.0,9.09,2020-08-24 16:57:28,2020-08-26 22:44:04.729827
GH,"Guardant Health, Inc.",Bertocci Derek A  ,Chief Financial Officer,Options Excersise,9992.0,6.21,2020-08-24 16:57:39,2020-08-26 22:44:04.729885
GH,"Guardant Health, Inc.",Bertocci Derek A  ,Chief Financial Officer,Sell,9992.0,94.61,2020-08-24 16:57:39,2020-08-26 22:44:04.729933
NDAQ,"Nasdaq, Inc.",Peterson Bradley J  ,Executive Vice President,Sell,1540.0,130.29,2020-08-24 17:00:00,2020-08-26 22:44:04.730013
CASH,Meta Financial Group Inc,Goik Michael K  ,EVP Commercial Finance,Sell,3000.0,19.21,2020-08-25 17:00:10,2020-08-26 22:44:04.730071
XAIR,"Beyond Air, Inc.",Carey Robert,,Buy,10000.0,5.7,2020-08-24 17:00:25,2020-08-26 22:44:04.730130
GLIBA,"Gci Liberty, Inc.",Duncan Ronald A  ,Director,Sell,21096.0,81.24,2020-08-25 17:01:20,2020-08-26 22:44:04.730187
GLIBA,"Gci Liberty, Inc.",Duncan Ronald A  ,Director,Sell,57635.0,81.1,2020-08-24 17:01:20,2020-08-26 22:44:04.730236
WH,"Wyndham Hotels & Resorts, Inc.",Rossi Nicola  ,Chief Accounting Officer,Sell,2350.0,52.0,2020-08-24 17:03:18,2020-08-26 22:44:04.730296
USX,Us Xpress Enterprises Inc,Anna Marie Quinn 2012 Irrevocable Trust Fbo Lisa M. Pate,,Sell,4989.0,11.02,2020-08-24 17:03:25,2020-08-26 22:44:04.730354
CMBM,Cambium Networks Corp,De Graaf Raymond  ,"Senior VP, Operations",Sell,400.0,15.5,2020-08-21 17:05:22,2020-08-26 22:44:04.730409
PGTI,"Pgt Innovations, Inc.",Hershberger Rodney  ,Director,Sell,40000.0,18.97,2020-08-25 17:05:45,2020-08-26 22:44:04.730467
GHC,Graham Holdings Co,Weymouth Katharine,,Sell,1100.0,414.73,2020-08-25 17:05:53,2020-08-26 22:44:04.730522
ZI,Zoominfo Technologies Inc.,Mironov Jason  ,Director,Sell,8197378.0,35.8,2020-08-24 17:06:15,2020-08-26 22:44:04.730573
CATY,Cathay General Bancorp,Sun Richard  ,Director,Buy,9300.0,25.0,2020-08-24 17:06:32,2020-08-26 22:44:04.730630
ZI,Zoominfo Technologies Inc.,Crockett Todd  ,Director,Sell,8197378.0,35.8,2020-08-24 17:06:46,2020-08-26 22:44:04.730683
AME,Ametek Inc/,Jones Timothy N  ,PRESIDENT - ELECTROMECHANICAL,Options Excersise,2073.0,46.96,2020-08-25 17:07:37,2020-08-26 22:44:04.730739
AME,Ametek Inc/,Jones Timothy N  ,PRESIDENT - ELECTROMECHANICAL,Sell,3573.0,101.52,2020-08-25 17:07:37,2020-08-26 22:44:04.730787
ZI,Zoominfo Technologies Inc.,Ta Atlantic & Pacific Vii-b L.p.  ,Director,Sell,8197378.0,35.8,2020-08-24 17:08:10,2020-08-26 22:44:04.730840
KMPH,"Kempharm, Inc",Clifton R. Laduane  ,"CFO, Secretary & Treasurer",Buy,1000.0,0.84,2020-08-26 17:08:47,2020-08-26 22:44:04.730899
ZI,Zoominfo Technologies Inc.,"Ta Xi Do Feeder, L.p.  ",Director,Sell,8197378.0,35.8,2020-08-24 17:08:51,2020-08-26 22:44:04.730954
PACB,"Pacific Biosciences Of California, Inc.",Hunkapiller Michael  ,CEO & President,Sell,259164.0,6.63,2020-08-24 17:08:59,2020-08-26 22:44:04.731009
PACB,"Pacific Biosciences Of California, Inc.",Hunkapiller Michael  ,CEO & President,Sell,228632.0,6.44,2020-08-25 17:08:59,2020-08-26 22:44:04.731056
QTRX,Quanterix Corp,Hrusovsky E Kevin  ,"Chairman, President & CEO",Sell,3500.0,35.28,2020-08-25 17:09:19,2020-08-26 22:44:04.731110
CDEV,"Centennial Resource Development, Inc.",Glyphis George S.  ,"VP, Chief Financial Officer",Buy,25000.0,0.75,2020-08-24 17:12:04,2020-08-26 22:44:04.731165
RNG,"Ringcentral, Inc.","Elca, Llc  ",Other,Options Excersise,10000.0,17.13,2020-08-24 17:13:24,2020-08-26 22:44:04.731232
RNG,"Ringcentral, Inc.","Elca, Llc  ",Other,Sell,10000.0,285.54,2020-08-24 17:13:24,2020-08-26 22:44:04.731280
FSLY,"Fastly, Inc.",Luongo Paul  ,General Counsel,Sell,16252.0,86.42,2020-08-24 17:13:54,2020-08-26 22:44:04.731333
KW,"Kennedy-wilson Holdings, Inc.",Mcmorrow William J  ,CHIEF EXECUTIVE OFFICER,Buy,75000.0,14.07,2020-08-26 17:14:03,2020-08-26 22:44:04.731390
FSLY,"Fastly, Inc.",Bergman Artur  ,"Chief Architect, Exec. Chair",Sell,92308.0,86.02,2020-08-24 17:14:14,2020-08-26 22:44:04.731446
KRTX,"Karuna Therapeutics, Inc.",Puretech Health Llc  ,10% Owner,Sell,1333333.0,76.21,2020-08-26 17:15:19,2020-08-26 22:44:04.731501
HAS,"Hasbro, Inc.",Zecher Linda Kay  ,Director,Sell,818.0,79.61,2020-08-24 17:16:16,2020-08-26 22:44:04.731558
NVT,Nvent Electric Plc,Hogan Randall J,,Options Excersise,167970.0,12.49,2020-08-25 17:17:15,2020-08-26 22:44:04.731617
FOXF,Fox Factory Holding Corp,Enterline Larry L  ,Director,Options Excersise,36485.0,5.16,2020-08-24 17:18:26,2020-08-26 22:44:04.731673
FOXF,Fox Factory Holding Corp,Enterline Larry L  ,Director,Sell,36485.0,107.24,2020-08-24 17:18:26,2020-08-26 22:44:04.731722
FOXF,Fox Factory Holding Corp,Enterline Larry L  ,Director,Sell,34981.0,106.95,2020-08-25 17:18:26,2020-08-26 22:44:04.731767
PTMN,Portman Ridge Finance Corp,Duka Alexander  ,Director,Buy,10000.0,1.16,2020-08-25 17:19:38,2020-08-26 22:44:04.731817
XPER,Xperi Holding Corp,Habiger David C  ,Director,Buy,7530.0,13.31,2020-08-24 17:19:43,2020-08-26 22:44:04.731873
GRUB,Grubhub Inc.,Maloney Matthew M.  ,CEO,Sell,4886.0,77.03,2020-08-24 17:22:13,2020-08-26 22:44:04.731928
ALRM,"Alarm.com Holdings, Inc.",Trundle Stephen  ,President and CEO,Options Excersise,10000.0,4.0,2020-08-24 17:25:19,2020-08-26 22:44:04.731986
ALRM,"Alarm.com Holdings, Inc.",Trundle Stephen  ,President and CEO,Options Excersise,15000.0,4.0,2020-08-25 17:25:19,2020-08-26 22:44:04.732033
ALRM,"Alarm.com Holdings, Inc.",Trundle Stephen  ,President and CEO,Sell,10000.0,58.66,2020-08-24 17:25:19,2020-08-26 22:44:04.732157
ALRM,"Alarm.com Holdings, Inc.",Trundle Stephen  ,President and CEO,Sell,15000.0,59.12,2020-08-25 17:25:19,2020-08-26 22:44:04.732203
SMED,Sharps Compliance Corp,Diaz Diana P  ,Vice President & CFO,Sell,2600.0,4.84,2020-08-24 17:30:38,2020-08-26 22:44:04.732258
SMED,Sharps Compliance Corp,Diaz Diana P  ,Vice President & CFO,Options Excersise,2600.0,4.84,2020-08-24 17:30:38,2020-08-26 22:44:04.732307
BJ,"Bj's Wholesale Club Holdings, Inc.",Poulliot Brian  ,"EVP, Enterprise Analytics",Options Excersise,15000.0,5.72,2020-08-24 17:37:00,2020-08-26 22:44:04.732362
BJ,"Bj's Wholesale Club Holdings, Inc.",Poulliot Brian  ,"EVP, Enterprise Analytics",Sell,15000.0,46.3,2020-08-24 17:37:00,2020-08-26 22:44:04.732424
BJ,"Bj's Wholesale Club Holdings, Inc.",Werner William C.  ,"SVP, Strat. Plan & Inv. Rel.",Options Excersise,40000.0,5.72,2020-08-24 17:37:25,2020-08-26 22:44:04.732474
BJ,"Bj's Wholesale Club Holdings, Inc.",Werner William C.  ,"SVP, Strat. Plan & Inv. Rel.",Sell,47031.0,46.48,2020-08-24 17:37:25,2020-08-26 22:44:04.732522
FRPH,"Frp Holdings, Inc.",Baker John D Ii  ,Chief Executive Officer,Buy,300.0,40.32,2020-08-26 17:40:57,2020-08-26 22:44:04.732585
FRPH,"Frp Holdings, Inc.",Baker John D Ii  ,Chief Executive Officer,Buy,3400.0,40.61,2020-08-25 17:40:57,2020-08-26 22:44:04.732636
TENX,"Tenax Therapeutics, Inc.",Boyd Steven,,Buy,5692.0,0.73,2020-08-24 17:47:10,2020-08-26 22:44:04.732695
TENX,"Tenax Therapeutics, Inc.",Boyd Steven,,Buy,17211.0,0.77,2020-08-25 17:47:10,2020-08-26 22:44:04.732747
TENX,"Tenax Therapeutics, Inc.",Boyd Steven,,Buy,12000.0,0.75,2020-08-26 17:47:10,2020-08-26 22:44:04.732794
ADMQ,"Adm Endeavors, Inc.",Khanfur Motasem,,Buy,38870.0,0.13,2020-08-26 17:48:45,2020-08-26 22:44:04.732848
HWKN,Hawkins Inc,Lange Douglas A.  ,Vice President - Operations,Buy,800.0,49.95,2020-08-21 17:49:07,2020-08-26 22:44:04.732906
RCL,Royal Caribbean Cruises Ltd,A Wilhelmsen A S,,Sell,600000.0,64.08,2020-08-25 17:52:50,2020-08-26 22:44:04.732961
RCL,Royal Caribbean Cruises Ltd,A Wilhelmsen A S,,Sell,1400000.0,63.24,2020-08-24 17:52:50,2020-08-26 22:44:04.733008
RCL,Royal Caribbean Cruises Ltd,Wilhelmsen Arne Alexander,,Sell,1400000.0,63.24,2020-08-24 17:55:07,2020-08-26 22:44:04.733055
RCL,Royal Caribbean Cruises Ltd,Wilhelmsen Arne Alexander,,Sell,600000.0,64.08,2020-08-25 17:55:07,2020-08-26 22:44:04.733100
TTEK,Tetra Tech Inc,Lemmon Richard A  ,"SVP, Corporate Administration",Options Excersise,2936.0,27.16,2020-08-24 17:57:45,2020-08-26 22:44:04.733154
TTEK,Tetra Tech Inc,Lemmon Richard A  ,"SVP, Corporate Administration",Sell,2936.0,93.51,2020-08-24 17:57:45,2020-08-26 22:44:04.733205
TTEK,Tetra Tech Inc,Volpi Kirsten M,,Sell,800.0,93.44,2020-08-26 17:58:03,2020-08-26 22:44:04.733253
MNST,Monster Beverage Corp,Vidergauz Mark,,Sell,12000.0,83.47,2020-08-13 17:59:28,2020-08-26 22:44:04.733308
AMZN,Amazon Com Inc,Wilke Jeffrey A  ,CEO Worldwide Consumer,Sell,750.0,3304.11,2020-08-24 17:59:53,2020-08-26 22:44:04.733361
ADMQ,"Adm Endeavors, Inc.",Johnson Marc  ,CEO,Buy,24219.0,0.12,2020-08-24 18:00:10,2020-08-26 22:44:04.733417
ADMQ,"Adm Endeavors, Inc.",Johnson Marc  ,CEO,Buy,15370.0,0.12,2020-08-26 18:00:10,2020-08-26 22:44:04.733466
ADMQ,"Adm Endeavors, Inc.",Johnson Marc  ,CEO,Buy,9305.0,0.12,2020-08-25 18:00:10,2020-08-26 22:44:04.733513
ZTS,Zoetis Inc.,Peck Kristin C  ,Chief Executive Officer,Options Excersise,6500.0,30.89,2020-08-25 18:00:43,2020-08-26 22:44:04.733567
ZTS,Zoetis Inc.,Peck Kristin C  ,Chief Executive Officer,Sell,10500.0,157.59,2020-08-25 18:00:43,2020-08-26 22:44:04.733616
ELF,"E.l.f. Beauty, Inc.",Simmons Sabrina,,Sell,7200.0,19.25,2020-08-24 18:00:50,2020-08-26 22:44:04.733670
ELF,"E.l.f. Beauty, Inc.",Watson Maureen C.,,Sell,8353.0,19.48,2020-08-25 18:01:27,2020-08-26 22:44:04.733722
MSFT,Microsoft Corp,Courtois Jean Philippe  ,Executive Vice President,Sell,15014.0,213.59,2020-08-25 18:02:42,2020-08-26 22:44:04.733782
DIOD,Diodes Inc /del/,Lu Keh Shew  ,President & CEO,Sell,8084.0,51.03,2020-08-26 18:06:17,2020-08-26 22:44:04.733838
DIOD,Diodes Inc /del/,Lu Keh Shew  ,President & CEO,Sell,6000.0,50.88,2020-08-25 18:06:17,2020-08-26 22:44:04.733887
DIOD,Diodes Inc /del/,Lu Keh Shew  ,President & CEO,Sell,3000.0,50.15,2020-08-24 18:06:17,2020-08-26 22:44:04.733934
NTRA,"Natera, Inc.",Brophy Michael Burkes  ,Chief Financial Officer,Options Excersise,1626.0,10.41,2020-08-24 18:12:02,2020-08-26 22:44:04.733990
NTRA,"Natera, Inc.",Brophy Michael Burkes  ,Chief Financial Officer,Sell,1626.0,65.83,2020-08-24 18:12:02,2020-08-26 22:44:04.734037
TPIC,"Tpi Composites, Inc",Weiss Daniel G,,Sell,3164.0,32.0,2020-08-24 18:13:35,2020-08-26 22:44:04.734092
GNMK,"Genmark Diagnostics, Inc.",O'brien Scott Alexander  ,"SVP, Global Mktg & Int'l Sales",Sell,1223.0,14.14,2020-08-25 18:14:06,2020-08-26 22:44:04.734146
GNMK,"Genmark Diagnostics, Inc.",Gleeson Michael  ,"SVP, Corp. Accounts",Sell,2904.0,14.14,2020-08-25 18:15:38,2020-08-26 22:44:04.734194
OXY,Occidental Petroleum Corp /de/,Klesse William R,,Buy,10000.0,13.43,2020-08-25 18:15:50,2020-08-26 22:44:04.734250
GNMK,"Genmark Diagnostics, Inc.",Shaw Christine  ,"VP, Assay Development",Sell,379.0,14.14,2020-08-25 18:17:10,2020-08-26 22:44:04.734324
CALM,Cal-maine Foods Inc,"Dlnl, Llc",,Sell,5520000.0,39.0,2020-08-24 18:17:28,2020-08-26 22:44:04.734382
GNMK,"Genmark Diagnostics, Inc.",Ek John Frederick  ,Chief Financial Officer,Sell,1515.0,14.14,2020-08-25 18:18:07,2020-08-26 22:44:04.734437
CALM,Cal-maine Foods Inc,Adams Jean Morris,,Sell,1380000.0,39.0,2020-08-24 18:18:31,2020-08-26 22:44:04.734493
KURA,"Kura Oncology, Inc.",Grasso Marc  ,"CFO, CBO",Sell,10000.0,23.0,2020-08-25 18:22:33,2020-08-26 22:44:04.734547
KURA,"Kura Oncology, Inc.",Grasso Marc  ,"CFO, CBO",Options Excersise,10000.0,15.47,2020-08-25 18:22:33,2020-08-26 22:44:04.734595
TDAC,Trident Acquisitions Corp.,Glazer Paul J  ,10% Owner,Sell,1.0,10.83,2020-08-24 18:23:51,2020-08-26 22:44:04.734651
KURA,"Kura Oncology, Inc.",Wilson Troy Edward  ,President and CEO,Sell,23053.0,22.37,2020-08-25 18:24:13,2020-08-26 22:44:04.734706
KURA,"Kura Oncology, Inc.",Wilson Troy Edward  ,President and CEO,Sell,6568.0,22.04,2020-08-24 18:24:13,2020-08-26 22:44:04.734754
KURA,"Kura Oncology, Inc.",Wilson Troy Edward  ,President and CEO,Options Excersise,23053.0,5.47,2020-08-25 18:24:13,2020-08-26 22:44:04.734802
KURA,"Kura Oncology, Inc.",Wilson Troy Edward  ,President and CEO,Options Excersise,6568.0,4.8,2020-08-24 18:24:13,2020-08-26 22:44:05.084902
GNMK,"Genmark Diagnostics, Inc.",Jensen Tyler  ,"SVP, Engineering and Tech Dev",Sell,1211.0,14.14,2020-08-25 18:27:28,2020-08-26 22:44:05.085019
GNMK,"Genmark Diagnostics, Inc.",Maderazo Alan Baer  ,"VP, Qual, Reg, & Clin Affairs",Sell,2130.0,14.14,2020-08-25 18:28:39,2020-08-26 22:44:05.085081
GNMK,"Genmark Diagnostics, Inc.",Stier Eric  ,SVP & General Counsel,Sell,2684.0,14.14,2020-08-25 18:29:38,2020-08-26 22:44:05.085138
GNMK,"Genmark Diagnostics, Inc.",Mendel Scott  ,President & CEO,Sell,4532.0,14.14,2020-08-25 18:30:44,2020-08-26 22:44:05.085192
ROKU,"Roku, Inc",Rosenberg Scott A.  ,"GM, Sr. VP Platform Business",Sell,2400.0,149.5,2020-08-24 18:32:19,2020-08-26 22:44:05.085254
GNMK,"Genmark Diagnostics, Inc.",Mitchell Brian Andrew  ,"SVP, Operations",Sell,2083.0,14.14,2020-08-25 18:32:44,2020-08-26 22:44:05.085319
GNMK,"Genmark Diagnostics, Inc.",Mitchell Brian Andrew  ,"SVP, Operations",Sell,3464.0,14.74,2020-08-26 18:32:44,2020-08-26 22:44:05.085375
GWW,"W.w. Grainger, Inc.",Williams Susan Slavik  ,Director,Sell,67000.0,349.26,2020-08-24 18:33:34,2020-08-26 22:44:05.085440
GWW,"W.w. Grainger, Inc.",Williams Susan Slavik  ,Director,Sell,20000.0,352.86,2020-08-25 18:33:34,2020-08-26 22:44:05.085498
ROKU,"Roku, Inc",Fyfield Mai,,Sell,306.0,149.5,2020-08-24 18:34:31,2020-08-26 22:44:05.085565
ROKU,"Roku, Inc",Fyfield Mai,,Options Excersise,306.0,35.99,2020-08-24 18:34:31,2020-08-26 22:44:05.085620
